table,column,dtype,n,n_missing,pct_missing,n_unique,top_value,top_value_count,mean,std,min,q25,median,q75,max
triage,encounter_id,str,139,0,0.0,139,E001900,1.0,,,,,,,
triage,encounter_arrival_date,str,139,0,0.0,5,2026-05-14,47.0,,,,,,,
triage,triage_heart_rate,float64,139,0,0.0,125,,,105.45611510791367,23.382057146291707,65.4,87.4,101.3,122.2,162.2
triage,triage_respiratory_rate,float64,139,0,0.0,112,,,23.102158273381296,7.216832855728448,8.1,17.1,22.6,28.1,40.8
triage,triage_snapshot.systolic_bp,float64,139,0,0.0,120,,,116.8776978417266,15.001521870456274,81.2,106.15,117.0,125.7,163.9
triage,triage_snapshot.diastolic_bp,float64,139,0,0.0,113,,,72.68489208633095,8.53005694859309,50.0,66.69999999999999,73.7,79.0,96.9
triage,triage_snapshot.oxygen_saturation,float64,139,0,0.0,65,,,95.25179856115108,2.1310116165457638,90.0,93.7,95.4,96.9,99.8
triage,triage_supplemental_oxygen,int64,139,0,0.0,2,,,0.3669064748201439,0.4837037794581729,0.0,0.0,0.0,1.0,1.0
triage,triage_temperature_c,float64,139,0,0.0,105,,,37.59345323741007,0.6315620297604153,36.07,37.13,37.5,38.075,39.2
triage,triage_gcs,int64,139,0,0.0,9,,,12.29496402877698,1.8667698111128221,7.0,11.0,12.0,14.0,15.0
triage,triage_age,int64,139,0,0.0,49,,,36.410071942446045,15.366447992552809,14.0,25.0,33.0,48.0,75.0
triage,triage_sex_gender,str,139,0,0.0,3,Female,68.0,,,,,,,
triage,triage_race_ethnicity,str,139,0,0.0,6,White,66.0,,,,,,,
triage,triage_brief_note,str,139,0,0.0,138,Nausea/vomiting. Festival attendee from beach shuttle stop with symptom onset ~118 minutes before arrival.,2.0,,,,,,,
triage,triage_esi,int64,139,0,0.0,5,,,3.41726618705036,1.1911465708588047,1.0,2.0,4.0,4.0,5.0
triage,triage_pain_scale,int64,139,0,0.0,11,,,5.294964028776978,2.668803231244764,0.0,3.0,5.0,7.0,10.0
triage,triage_mode_of_arrival,str,139,0,0.0,4,Walk-in,62.0,,,,,,,
triage,triage_mh_psych,int64,139,0,0.0,2,,,0.22302158273381295,0.41777820666663884,0.0,0.0,0.0,0.0,1.0
triage,triage_mh_cardiac,int64,139,0,0.0,2,,,0.18705035971223022,0.3913622682141876,0.0,0.0,0.0,0.0,1.0
triage,triage_mh_pulm,int64,139,0,0.0,2,,,0.15827338129496402,0.366317214354836,0.0,0.0,0.0,0.0,1.0
triage,triage_mh_renal,int64,139,0,0.0,2,,,0.1223021582733813,0.32881940011784405,0.0,0.0,0.0,0.0,1.0
triage,triage_mh_substance_use,int64,139,0,0.0,2,,,0.19424460431654678,0.3970488569529349,0.0,0.0,0.0,0.0,1.0
triage,triage_lab_glucose,float64,139,0,0.0,133,,,114.04748201438849,21.8690381720442,70.7,97.1,112.1,128.35,169.6
triage,triage_lab_ph,float64,139,0,0.0,100,,,7.357568345323741,0.04968306076473501,7.243,7.3245000000000005,7.357,7.3895,7.462
triage,triage_lab_sodium,float64,139,0,0.0,80,,,138.0769784172662,3.139424773000289,130.2,135.85000000000002,137.7,140.5,145.9
triage,triage_lab_potassium,float64,139,0,0.0,93,,,4.4048201438848915,0.4456559284333658,2.96,4.115,4.41,4.695,5.66
triage,triage_lab_hemoglobin,float64,139,0,0.0,59,,,13.746043165467624,1.631406709927265,9.3,12.75,13.7,14.9,17.7
triage,triage_lab_anion_gap,float64,139,0,0.0,87,,,11.929496402877696,3.6943641612795006,4.0,9.350000000000001,11.6,14.5,21.6
triage,is_festival_patient,int64,139,0,0.0,2,,,0.7266187050359713,0.44730684270603804,0.0,0.0,1.0,1.0,1.0
triage,festival_note_keyword_hit,int64,139,0,0.0,2,,,0.7266187050359713,0.44730684270603804,0.0,0.0,1.0,1.0,1.0
triage,arrival_day_of_festival,int64,139,0,0.0,5,,,360.50359712230215,1.3371725562578116,358.0,360.0,361.0,362.0,362.0
triage,arrival_dow,int64,139,0,0.0,5,,,2.5035971223021583,1.3371725562578116,0.0,2.0,3.0,4.0,4.0
triage,note_onset_minutes,float64,109,30,0.2158273381294964,88,,,140.651376146789,72.42561652236203,28.0,74.0,140.0,201.0,290.0
triage,note_has_onset_phrase,int64,139,0,0.0,2,,,0.7841726618705036,0.4128829347380872,0.0,1.0,1.0,1.0,1.0
triage,note_is_festival_template,int64,139,0,0.0,2,,,0.7266187050359713,0.44730684270603804,0.0,0.0,1.0,1.0,1.0
triage,note_char_len,int64,139,0,0.0,47,,,93.20143884892086,17.545873562582514,34.0,90.0,98.0,102.0,155.0
triage,note_word_count,int64,139,0,0.0,13,,,13.568345323741006,2.621124771599626,7.0,13.0,14.0,15.0,27.0
triage,note_location_main_stage,int64,139,0,0.0,2,,,0.19424460431654678,0.3970488569529349,0.0,0.0,0.0,0.0,1.0
triage,note_location_medical_tent,int64,139,0,0.0,2,,,0.1079136690647482,0.3113934898748534,0.0,0.0,0.0,0.0,1.0
triage,note_location_campground,int64,139,0,0.0,2,,,0.12949640287769784,0.336962827995515,0.0,0.0,0.0,0.0,1.0
triage,note_location_shopping_area,int64,139,0,0.0,2,,,0.014388489208633094,0.11951662978045266,0.0,0.0,0.0,0.0,1.0
triage,note_location_other,int64,139,0,0.0,2,,,0.2949640287769784,0.45767587749587846,0.0,0.0,0.0,1.0,1.0
triage,note_location_none,int64,139,0,0.0,2,,,0.2733812949640288,0.44730684270603804,0.0,0.0,0.0,1.0,1.0
triage,note_onset_bucket_fast,int64,139,0,0.0,2,,,0.1223021582733813,0.32881940011784405,0.0,0.0,0.0,0.0,1.0
triage,note_onset_bucket_medium,int64,139,0,0.0,2,,,0.39568345323741005,0.4907655220395697,0.0,0.0,0.0,1.0,1.0
triage,note_onset_bucket_slow,int64,139,0,0.0,2,,,0.26618705035971224,0.44356166455846274,0.0,0.0,0.0,1.0,1.0
triage,note_onset_bucket_unknown,int64,139,0,0.0,2,,,0.2158273381294964,0.4128829347380872,0.0,0.0,0.0,0.0,1.0
triage,triage_chief_agitation,int64,139,0,0.0,2,,,0.1079136690647482,0.3113934898748534,0.0,0.0,0.0,0.0,1.0
triage,triage_chief_palpitations,int64,139,0,0.0,2,,,0.050359712230215826,0.2194770136587298,0.0,0.0,0.0,0.0,1.0
triage,note_arousal_density,float64,139,0,0.0,8,,,0.012281423612358861,0.03782346588838753,0.0,0.0,0.0,0.0,0.1428571428571428
triage,note_perceptual_density,float64,139,0,0.0,5,,,0.017694822470197213,0.04036449897128342,0.0,0.0,0.0,0.0,0.1176470588235294
triage,triage_ag_above_20,int64,139,0,0.0,2,,,0.014388489208633094,0.11951662978045266,0.0,0.0,0.0,0.0,1.0
triage,triage_ag_below_12,int64,139,0,0.0,2,,,0.5323741007194245,0.5007553464572555,0.0,0.0,1.0,1.0,1.0
triage,triage_ph_above_735,int64,139,0,0.0,2,,,0.5539568345323741,0.4988778984316006,0.0,0.0,1.0,1.0,1.0
triage,triage_hr_above_120,int64,139,0,0.0,2,,,0.2805755395683453,0.45090532086332585,0.0,0.0,0.0,1.0,1.0
triage,triage_temp_above_38,int64,139,0,0.0,2,,,0.2733812949640288,0.447306842706038,0.0,0.0,0.0,1.0,1.0
triage,triage_glucose_above_140,int64,139,0,0.0,2,,,0.11510791366906475,0.3203063906986985,0.0,0.0,0.0,0.0,1.0
triage,triage_sympathomimetic_combo,int64,139,0,0.0,2,,,0.30935251798561153,0.46389842815228904,0.0,0.0,0.0,1.0,1.0
triage,cand_shock_index,float64,139,0,0.0,139,,,0.9228546759468523,0.25891823359034377,0.4630508474576271,0.7190550133096716,0.8875838926174496,1.085310915267589,1.6292004634994206
triage,cand_mod_shock_index,float64,139,0,0.0,139,,,1.2197124782242605,0.3071208973595161,0.6641815235008104,0.9723820460651236,1.1774580335731415,1.413598598943532,1.9047013977128333
triage,cand_pulse_pressure,float64,139,0,0.0,127,,,44.19280575539568,17.18605619617071,-3.200000000000003,33.1,43.10000000000001,53.150000000000006,91.8
triage,cand_map,float64,139,0,0.0,129,,,87.41582733812949,7.608380974008611,69.03333333333333,82.91666666666666,87.1,91.36666666666666,110.8
triage,cand_shock_index_age,float64,139,0,0.0,139,,,33.00699326605888,15.511939860822942,8.090452261306531,22.26777065189711,30.34627492130116,42.0235846722469,83.01507537688443
triage,cand_rate_pressure_product,float64,139,0,0.0,139,,,12256.94223021583,2960.9801964429953,7680.0,10084.475,11744.05,14125.544999999998,22951.3
triage,cand_hr_temp_product,float64,139,0,0.0,139,,,3976.421035971223,939.0468890785526,2423.724,3253.2075000000004,3807.089,4667.275,6301.469999999999
triage,cand_k_extreme,int64,139,0,0.0,2,,,0.09352517985611511,0.2922200464047611,0.0,0.0,0.0,0.0,1.0
triage,cand_na_extreme,int64,139,0,0.0,2,,,0.17266187050359713,0.3793216209054408,0.0,0.0,0.0,0.0,1.0
triage,cand_glucose_extreme,int64,139,0,0.0,1,,,0.0,0.0,0.0,0.0,0.0,0.0,0.0
triage,cand_high_anion_gap,int64,139,0,0.0,2,,,0.4676258992805755,0.5007553464572555,0.0,0.0,0.0,1.0,1.0
triage,cand_acidosis,int64,139,0,0.0,2,,,0.4460431654676259,0.4988778984316006,0.0,0.0,0.0,1.0,1.0
triage,cand_alkalosis,int64,139,0,0.0,2,,,0.014388489208633094,0.11951662978045265,0.0,0.0,0.0,0.0,1.0
triage,cand_poc_abn_count,int64,139,0,0.0,5,,,1.1942446043165467,1.0206398805759673,0.0,0.0,1.0,2.0,4.0
triage,cand_news_hr,int64,139,0,0.0,4,,,1.2517985611510791,1.097385068293649,0.0,0.0,1.0,2.0,3.0
triage,cand_news_rr,int64,139,0,0.0,4,,,1.6258992805755397,1.2981222854735055,0.0,0.0,2.0,3.0,3.0
triage,cand_news_sbp,int64,139,0,0.0,4,,,0.48201438848920863,0.7834568325613882,0.0,0.0,0.0,1.0,3.0
triage,cand_news_spo2,int64,139,0,0.0,4,,,0.60431654676259,0.8131055606102047,0.0,0.0,0.0,1.0,3.0
triage,cand_news_temp,int64,139,0,0.0,3,,,0.48201438848920863,0.8710523203109025,0.0,0.0,0.0,0.0,3.0
triage,cand_news_gcs,int64,139,0,0.0,4,,,1.920863309352518,1.0360512283892818,0.0,1.0,2.0,3.0,3.0
triage,cand_news_total,int64,139,0,0.0,16,,,6.366906474820144,4.426769497821389,0.0,3.0,6.0,10.0,16.0
triage,cand_news_high_risk,int64,139,0,0.0,2,,,0.5611510791366906,0.4980412053506094,0.0,0.0,1.0,1.0,1.0
triage,cand_onset_x_news,float64,109,30,0.2158273381294964,98,,,0.0752152461527522,0.08002638839797635,0.0,0.025,0.0518134715025906,0.0927152317880794,0.4285714285714285
triage,cand_onset_x_hr,float64,109,30,0.2158273381294964,109,,,1.1577252845527628,0.9339664464280653,0.3165137614678899,0.529891304347826,0.7823529411764706,1.3879518072289156,4.839285714285714
triage,cand_log_onset,float64,109,30,0.2158273381294964,88,,,4.7919268143386216,0.6120458792364561,3.367295829986474,4.31748811353631,4.948759890378168,5.308267697401205,5.673323267171493
triage,cand_is_fast_onset,int64,139,0,0.0,2,,,0.1223021582733813,0.32881940011784405,0.0,0.0,0.0,0.0,1.0
triage,cand_is_slow_onset,int64,139,0,0.0,2,,,0.2589928057553957,0.43966603756208983,0.0,0.0,0.0,1.0,1.0
triage,cand_pmh_count,int64,139,0,0.0,5,,,0.8848920863309353,1.0500458008689084,0.0,0.0,1.0,1.5,4.0
triage,cand_sympathetic_score,int64,139,0,0.0,5,,,1.39568345323741,1.2372169858543567,0.0,0.0,1.0,3.0,4.0
triage,cand_cns_depression_score,int64,139,0,0.0,3,,,0.8633093525179856,0.6615905170898392,0.0,0.0,1.0,1.0,2.0
fourh,encounter_id,str,139,0,0.0,139,E001900,1.0,,,,,,,
fourh,encounter_arrival_date,str,139,0,0.0,5,2026-05-14,47.0,,,,,,,
fourh,triage_heart_rate,float64,139,0,0.0,125,,,105.45611510791367,23.382057146291707,65.4,87.4,101.3,122.2,162.2
fourh,triage_respiratory_rate,float64,139,0,0.0,112,,,23.102158273381296,7.216832855728448,8.1,17.1,22.6,28.1,40.8
fourh,triage_snapshot.systolic_bp,float64,139,0,0.0,120,,,116.8776978417266,15.001521870456274,81.2,106.15,117.0,125.7,163.9
fourh,triage_snapshot.diastolic_bp,float64,139,0,0.0,113,,,72.68489208633095,8.53005694859309,50.0,66.69999999999999,73.7,79.0,96.9
fourh,triage_snapshot.oxygen_saturation,float64,139,0,0.0,65,,,95.25179856115108,2.1310116165457638,90.0,93.7,95.4,96.9,99.8
fourh,triage_supplemental_oxygen,int64,139,0,0.0,2,,,0.3669064748201439,0.4837037794581729,0.0,0.0,0.0,1.0,1.0
fourh,triage_temperature_c,float64,139,0,0.0,105,,,37.59345323741007,0.6315620297604153,36.07,37.13,37.5,38.075,39.2
fourh,triage_gcs,int64,139,0,0.0,9,,,12.29496402877698,1.8667698111128221,7.0,11.0,12.0,14.0,15.0
fourh,triage_age,int64,139,0,0.0,49,,,36.410071942446045,15.366447992552809,14.0,25.0,33.0,48.0,75.0
fourh,triage_sex_gender,str,139,0,0.0,3,Female,68.0,,,,,,,
fourh,triage_race_ethnicity,str,139,0,0.0,6,White,66.0,,,,,,,
fourh,triage_brief_note,str,139,0,0.0,138,Nausea/vomiting. Festival attendee from beach shuttle stop with symptom onset ~118 minutes before arrival.,2.0,,,,,,,
fourh,triage_esi,int64,139,0,0.0,5,,,3.41726618705036,1.1911465708588047,1.0,2.0,4.0,4.0,5.0
fourh,triage_pain_scale,int64,139,0,0.0,11,,,5.294964028776978,2.668803231244764,0.0,3.0,5.0,7.0,10.0
fourh,triage_mode_of_arrival,str,139,0,0.0,4,Walk-in,62.0,,,,,,,
fourh,triage_mh_psych,int64,139,0,0.0,2,,,0.22302158273381295,0.41777820666663884,0.0,0.0,0.0,0.0,1.0
fourh,triage_mh_cardiac,int64,139,0,0.0,2,,,0.18705035971223022,0.3913622682141876,0.0,0.0,0.0,0.0,1.0
fourh,triage_mh_pulm,int64,139,0,0.0,2,,,0.15827338129496402,0.366317214354836,0.0,0.0,0.0,0.0,1.0
fourh,triage_mh_renal,int64,139,0,0.0,2,,,0.1223021582733813,0.32881940011784405,0.0,0.0,0.0,0.0,1.0
fourh,triage_mh_substance_use,int64,139,0,0.0,2,,,0.19424460431654678,0.3970488569529349,0.0,0.0,0.0,0.0,1.0
fourh,triage_lab_glucose,float64,139,0,0.0,133,,,114.04748201438849,21.8690381720442,70.7,97.1,112.1,128.35,169.6
fourh,triage_lab_ph,float64,139,0,0.0,100,,,7.357568345323741,0.04968306076473501,7.243,7.3245000000000005,7.357,7.3895,7.462
fourh,triage_lab_sodium,float64,139,0,0.0,80,,,138.0769784172662,3.139424773000289,130.2,135.85000000000002,137.7,140.5,145.9
fourh,triage_lab_potassium,float64,139,0,0.0,93,,,4.4048201438848915,0.4456559284333658,2.96,4.115,4.41,4.695,5.66
fourh,triage_lab_hemoglobin,float64,139,0,0.0,59,,,13.746043165467624,1.631406709927265,9.3,12.75,13.7,14.9,17.7
fourh,triage_lab_anion_gap,float64,139,0,0.0,87,,,11.929496402877696,3.6943641612795006,4.0,9.350000000000001,11.6,14.5,21.6
fourh,is_festival_patient,int64,139,0,0.0,2,,,0.7266187050359713,0.44730684270603804,0.0,0.0,1.0,1.0,1.0
fourh,festival_note_keyword_hit,int64,139,0,0.0,2,,,0.7266187050359713,0.44730684270603804,0.0,0.0,1.0,1.0,1.0
fourh,ed_course_reassessment_4h.heart_rate_4h,float64,139,0,0.0,129,,,93.28273381294963,20.133049935826566,43.5,79.9,90.0,107.44999999999999,147.5
fourh,ed_course_reassessment_4h.respiratory_rate_4h,float64,139,0,0.0,95,,,17.943165467625896,4.825912099112881,7.0,14.850000000000001,17.5,20.65,29.7
fourh,ed_course_reassessment_4h.systolic_bp_4h,float64,139,0,0.0,116,,,123.93165467625899,11.81609094469151,81.1,115.95,124.8,132.1,160.3
fourh,ed_course_reassessment_4h.diastolic_bp_4h,float64,139,0,0.0,112,,,76.59280575539569,7.444934473658454,58.1,71.45,76.7,81.85,92.4
fourh,ed_course_reassessment_4h.oxygen_saturation_4h,float64,139,0,0.0,57,,,96.16834532374102,1.6221311787419703,90.9,95.25,96.3,97.3,98.9
fourh,ed_course_reassessment_4h.supplemental_oxygen_4h,int64,139,0,0.0,2,,,0.12949640287769784,0.336962827995515,0.0,0.0,0.0,0.0,1.0
fourh,ed_course_reassessment_4h.temperature_c_4h,float64,139,0,0.0,94,,,37.115539568345326,0.48847614669169725,35.88,36.78,37.09,37.47,38.14
fourh,ed_course_reassessment_4h.gcs_4h,int64,139,0,0.0,6,,,13.323741007194245,1.330880864114307,10.0,12.0,14.0,14.0,15.0
fourh,ed_course_reassessment_4h.end_tidal_co2_4h,float64,139,0,0.0,92,,,37.6525179856115,4.090486150464018,27.8,34.349999999999994,37.1,40.5,48.3
fourh,ed_course_reassessment_4h.delta_hr,float64,139,0,0.0,123,,,-12.173381294964027,14.86225437646194,-62.7,-20.55,-11.3,-2.45,20.5
fourh,ed_course_reassessment_4h.delta_temp,float64,139,0,0.0,91,,,-0.47791366906474814,0.38728799683563936,-1.36,-0.6950000000000001,-0.46,-0.20500000000000002,0.36
fourh,ed_course_reassessment_4h.delta_gcs,int64,139,0,0.0,8,,,1.0287769784172662,1.382826584552245,-2.0,0.0,1.0,2.0,5.0
fourh,ed_course_reassessment_4h.lactate_4h,float64,75,64,0.460431654676259,69,,,2.5856,1.1674854475625254,0.4,1.75,2.42,3.38,5.45
fourh,ed_course_reassessment_4h.cpk_4h,float64,75,64,0.460431654676259,75,,,502.16133333333323,292.337079086812,34.9,257.4,461.0,698.6,1456.1
fourh,ed_course_reassessment_4h.vbg_ph_4h,float64,75,64,0.460431654676259,56,,,7.358493333333333,0.041756816350288356,7.245,7.3315,7.362,7.39,7.449
fourh,ed_course_reassessment_4h.troponin_4h,float64,75,64,0.460431654676259,62,,,0.056106666666666666,0.04022624305886184,0.0,0.0215,0.048,0.0815,0.153
fourh,ed_course_reassessment_4h.ivf_count_0_4h,int64,139,0,0.0,2,,,0.697841726618705,0.46085422038771773,0.0,0.0,1.0,1.0,1.0
fourh,ed_course_reassessment_4h.benzodiazepine_count_0_4h,int64,139,0,0.0,2,,,0.5899280575539568,0.4936253000158772,0.0,0.0,1.0,1.0,1.0
fourh,ed_course_reassessment_4h.reversal_count_0_4h,int64,139,0,0.0,2,,,0.17266187050359713,0.3793216209054408,0.0,0.0,0.0,0.0,1.0
fourh,ed_course_reassessment_4h.intubated_0_4h,int64,139,0,0.0,2,,,0.06474820143884892,0.2469710155359484,0.0,0.0,0.0,0.0,1.0
fourh,ed_course_reassessment_4h.positive_pressure_0_4h,int64,139,0,0.0,2,,,0.1510791366906475,0.35942121478014055,0.0,0.0,0.0,0.0,1.0
fourh,ed_course_reassessment_4h.cvc_0_4h,int64,139,0,0.0,2,,,0.06474820143884892,0.2469710155359484,0.0,0.0,0.0,0.0,1.0
fourh,narrative_notes_structured_ekg_abnormal,int64,139,0,0.0,2,,,0.2517985611510791,0.4356159254327926,0.0,0.0,0.0,0.5,1.0
fourh,narrative_notes_structured_cxr_abnormal,int64,139,0,0.0,2,,,0.10071942446043165,0.30204529914550604,0.0,0.0,0.0,0.0,1.0
fourh,narrative_notes_structured_ct_head_abnormal,int64,139,0,0.0,2,,,0.06474820143884892,0.2469710155359484,0.0,0.0,0.0,0.0,1.0
fourh,narrative_notes_structured_ct_chest_abnormal,int64,139,0,0.0,2,,,0.07194244604316546,0.2593271050009552,0.0,0.0,0.0,0.0,1.0
fourh,narrative_notes_structured_ct_abd_pelvis_abnormal,int64,139,0,0.0,2,,,0.04316546762589928,0.20396446113862485,0.0,0.0,0.0,0.0,1.0
fourh,additional_labs_drawn_4h,int64,139,0,0.0,2,,,0.539568345323741,0.5002345399237736,0.0,0.0,1.0,1.0,1.0
fourh,arrival_day_of_festival,int64,139,0,0.0,5,,,360.50359712230215,1.3371725562578116,358.0,360.0,361.0,362.0,362.0
fourh,arrival_dow,int64,139,0,0.0,5,,,2.5035971223021583,1.3371725562578116,0.0,2.0,3.0,4.0,4.0
fourh,vts_n_records,float64,139,0,0.0,4,,,7.316546762589928,1.1101375500557535,6.0,6.0,7.0,8.0,9.0
fourh,vts_heart_rate_min,float64,139,0,0.0,122,,,79.33597122302159,15.709025409092499,43.5,68.0,78.3,92.2,118.4
fourh,vts_heart_rate_max,float64,139,0,0.0,122,,,110.31079136690649,20.254810452597415,72.3,94.6,105.7,124.7,168.8
fourh,vts_heart_rate_mean,float64,139,0,0.0,138,,,95.1946956720338,16.543916189113595,62.56666666666666,82.92142857142858,91.19999999999996,108.78611111111111,132.41666666666666
fourh,vts_heart_rate_last,float64,139,0,0.0,129,,,93.28273381294963,20.133049935826566,43.5,79.9,90.0,107.44999999999999,147.5
fourh,vts_heart_rate_range,float64,139,0,0.0,121,,,30.97482014388489,11.44309229974402,8.0,23.4,29.099999999999994,37.0,68.30000000000001
fourh,vts_heart_rate_cv,float64,139,0,0.0,139,,,0.1061539022063553,0.036254131518045955,0.0285804189903056,0.08339740018547485,0.1032983941604378,0.12326788142413381,0.2220028607119522
fourh,vts_heart_rate_slope,float64,139,0,0.0,139,,,-0.027991900710054668,0.05798331361374721,-0.2358984410611722,-0.06297356099649731,-0.0308129165653955,0.014165021203793648,0.1106208198721211
fourh,vts_heart_rate_slope_first60,float64,139,0,0.0,90,,,0.023916888491579635,0.2683103155348827,-0.7371428571428581,-0.012193816187039899,0.0,0.14121955763303146,0.8938775510204076
fourh,vts_heart_rate_slope_60_240,float64,139,0,0.0,139,,,-0.013940677052756652,0.11978150586978828,-0.326119738255689,-0.07664474572524535,-0.0238103113242648,0.034486471379626404,0.4040488865561972
fourh,vts_heart_rate_accel_sign,float64,139,0,0.0,2,,,-0.06474820143884892,1.001510692914511,-1.0,-1.0,-1.0,1.0,1.0
fourh,vts_heart_rate_peak_value,float64,139,0,0.0,122,,,110.31079136690649,20.254810452597415,72.3,94.6,105.7,124.7,168.8
fourh,vts_heart_rate_peak_minute,float64,139,0,0.0,79,,,100.74820143884892,78.18049476202162,0.0,39.5,84.0,158.0,240.0
fourh,vts_heart_rate_nadir_value,float64,139,0,0.0,122,,,79.33597122302159,15.709025409092499,43.5,68.0,78.3,92.2,118.4
fourh,vts_heart_rate_nadir_minute,float64,139,0,0.0,77,,,145.28057553956833,78.45648925941519,0.0,94.0,159.0,210.0,240.0
fourh,vts_heart_rate_n_critical,float64,139,0,0.0,6,,,0.35251798561151076,0.9544959163790689,0.0,0.0,0.0,0.0,5.0
fourh,vts_heart_rate_time_to_first_critical,float64,139,0,0.0,12,,,8.568345323741006,38.59020119669793,-1.0,-1.0,-1.0,-1.0,240.0
fourh,vts_heart_rate_last30_mean,float64,139,0,0.0,129,,,93.76972422062349,19.81919596064518,52.9,80.4,90.95,106.4,147.5
fourh,vts_heart_rate_recovery_halftime,float64,139,0,0.0,60,,,28.942446043165468,33.42366812716651,-1.0,1.0,18.0,45.0,166.0
fourh,vts_respiratory_rate_min,float64,139,0,0.0,95,,,14.406474820143885,4.425227557124311,7.0,10.6,14.2,17.55,26.0
fourh,vts_respiratory_rate_max,float64,139,0,0.0,95,,,22.470503597122303,4.596477120411373,10.9,18.85,21.9,25.75,33.2
fourh,vts_respiratory_rate_mean,float64,139,0,0.0,137,,,18.34415895854745,4.291310717702821,9.166666666666666,14.883333333333333,17.9875,21.356250000000003,28.816666666666663
fourh,vts_respiratory_rate_last,float64,139,0,0.0,95,,,17.943165467625896,4.825912099112881,7.0,14.850000000000001,17.5,20.65,29.7
fourh,vts_respiratory_rate_range,float64,139,0,0.0,95,,,8.064028776978416,2.2634463652671886,2.9000000000000004,6.400000000000002,7.799999999999997,9.5,14.9
fourh,vts_respiratory_rate_cv,float64,139,0,0.0,139,,,0.1518510916550859,0.053920896422435305,0.054515583175738,0.11577656683115359,0.146418325907167,0.1766210738440928,0.3488538150900208
fourh,vts_respiratory_rate_slope,float64,139,0,0.0,139,,,-0.005538696440820542,0.014923445047106153,-0.0432908902744811,-0.01655910366086015,-0.0059177746985465,0.0025355891602717,0.0445570242516932
fourh,vts_respiratory_rate_slope_first60,float64,139,0,0.0,89,,,0.013742694614094199,0.08201424922075085,-0.2375,-0.000892790538387,0.0,0.04553571428571415,0.2617647058823527
fourh,vts_respiratory_rate_slope_60_240,float64,139,0,0.0,139,,,-0.005301275480341609,0.02696237788767494,-0.0744742315692165,-0.02232817737331865,-0.0051904226257431,0.0124225442228511,0.0592539705668075
fourh,vts_respiratory_rate_accel_sign,float64,139,0,0.0,3,,,-0.1223021582733813,0.988780772105305,-1.0,-1.0,-1.0,1.0,1.0
fourh,vts_respiratory_rate_peak_value,float64,139,0,0.0,95,,,22.470503597122303,4.596477120411373,10.9,18.85,21.9,25.75,33.2
fourh,vts_respiratory_rate_peak_minute,float64,139,0,0.0,81,,,108.53956834532374,79.69163996914448,0.0,40.0,100.0,176.0,240.0
fourh,vts_respiratory_rate_nadir_value,float64,139,0,0.0,95,,,14.406474820143885,4.425227557124311,7.0,10.6,14.2,17.55,26.0
fourh,vts_respiratory_rate_nadir_minute,float64,139,0,0.0,82,,,144.41007194244605,76.00045889922862,0.0,96.5,162.0,209.0,240.0
fourh,vts_respiratory_rate_n_critical,float64,139,0,0.0,9,,,1.2014388489208634,1.8773240905071946,0.0,0.0,0.0,2.0,8.0
fourh,vts_respiratory_rate_time_to_first_critical,float64,139,0,0.0,35,,,28.48201438848921,60.22257659835487,-1.0,-1.0,-1.0,27.5,240.0
fourh,vts_respiratory_rate_last30_mean,float64,139,0,0.0,110,,,17.967446043165467,4.604317345348063,7.0,14.850000000000001,17.7,20.325000000000003,29.875000000000004
fourh,vts_respiratory_rate_recovery_halftime,float64,139,0,0.0,67,,,30.884892086330936,33.060567855204184,-1.0,0.5,21.0,49.0,168.0
fourh,vts_systolic_bp_min,float64,139,0,0.0,109,,,109.50287769784174,7.729549384526394,81.1,104.55000000000001,109.3,114.44999999999999,128.6
fourh,vts_systolic_bp_max,float64,139,0,0.0,110,,,138.63597122302158,7.14244312516854,122.4,133.95,138.5,143.55,160.3
fourh,vts_systolic_bp_mean,float64,139,0,0.0,136,,,123.80171006052304,5.230805549026999,113.23333333333332,119.73333333333332,123.55,127.61666666666667,138.975
fourh,vts_systolic_bp_last,float64,139,0,0.0,116,,,123.93165467625899,11.81609094469151,81.1,115.95,124.8,132.1,160.3
fourh,vts_systolic_bp_range,float64,139,0,0.0,127,,,29.133093525179852,8.628696548660802,12.899999999999991,21.999999999999993,28.39999999999999,35.199999999999996,53.0
fourh,vts_systolic_bp_cv,float64,139,0,0.0,139,,,0.0758827453084006,0.022262372178165967,0.0314689947100228,0.05882007737776605,0.0740631558804507,0.09453998772721915,0.1384400489824439
fourh,vts_systolic_bp_slope,float64,139,0,0.0,139,,,0.015388466511890525,0.055747006092628934,-0.1224037247770343,-0.02207593581108655,0.0188886825735774,0.0551646268528855,0.2153785230500325
fourh,vts_systolic_bp_slope_first60,float64,139,0,0.0,90,,,0.012048770283634226,0.2366036116598159,-0.6750000000000007,-0.0610043736332392,0.0,0.07780112044817875,1.1058056872037891
fourh,vts_systolic_bp_slope_60_240,float64,139,0,0.0,139,,,0.007750114728882257,0.10276359577698224,-0.2969052890889628,-0.0581452652734213,0.0117517859519903,0.07275173000856845,0.2733223322332234
fourh,vts_systolic_bp_accel_sign,float64,139,0,0.0,2,,,-0.09352517985611511,0.9992177109027193,-1.0,-1.0,-1.0,1.0,1.0
fourh,vts_systolic_bp_peak_value,float64,139,0,0.0,110,,,138.63597122302158,7.14244312516854,122.4,133.95,138.5,143.55,160.3
fourh,vts_systolic_bp_peak_minute,float64,139,0,0.0,81,,,149.62589928057554,73.20383230061817,0.0,100.5,157.0,210.0,240.0
fourh,vts_systolic_bp_nadir_value,float64,139,0,0.0,109,,,109.50287769784174,7.729549384526394,81.1,104.55000000000001,109.3,114.44999999999999,128.6
fourh,vts_systolic_bp_nadir_minute,float64,139,0,0.0,83,,,119.29496402877697,80.56165639869624,0.0,51.0,107.0,195.0,240.0
fourh,vts_systolic_bp_last30_mean,float64,139,0,0.0,129,,,124.11960431654676,10.98975028725023,81.1,118.375,124.45,131.225,160.3
fourh,vts_systolic_bp_recovery_halftime,float64,139,0,0.0,65,,,25.62589928057554,32.2081710267493,-1.0,-1.0,15.0,41.5,160.0
fourh,vts_diastolic_bp_min,float64,139,0,0.0,100,,,66.72805755395683,5.275044182478315,51.3,63.3,67.0,70.1,82.9
fourh,vts_diastolic_bp_max,float64,139,0,0.0,91,,,86.02446043165467,4.410771428906817,75.7,83.44999999999999,85.8,88.15,99.4
fourh,vts_diastolic_bp_mean,float64,139,0,0.0,134,,,76.55104202352405,3.3392789670898866,69.86250000000001,74.19196428571428,76.35000000000001,78.5263888888889,88.68333333333334
fourh,vts_diastolic_bp_last,float64,139,0,0.0,112,,,76.59280575539569,7.444934473658454,58.1,71.45,76.7,81.85,92.4
fourh,vts_diastolic_bp_range,float64,139,0,0.0,115,,,19.296402877697844,6.432260292789352,5.0,14.75,18.90000000000001,22.6,47.10000000000001
fourh,vts_diastolic_bp_cv,float64,139,0,0.0,139,,,0.08269030687613603,0.025800190020192706,0.0206763906326385,0.0664870206840215,0.0815975262393804,0.09898622205358275,0.1654923317337315
fourh,vts_diastolic_bp_slope,float64,139,0,0.0,139,,,0.00639960571933205,0.03161478527950322,-0.104758769867394,-0.01615406785250515,0.0065390649859932,0.02818175905662365,0.0927827364224316
fourh,vts_diastolic_bp_slope_first60,float64,139,0,0.0,90,,,0.01320978410045416,0.20214460809841556,-0.4968749999999997,-0.06641490034799105,0.0,0.07828282828282784,0.8233333333333329
fourh,vts_diastolic_bp_slope_60_240,float64,139,0,0.0,139,,,0.00671797112213249,0.062083294640262965,-0.1509648643728381,-0.03168331822015545,0.0104240313758597,0.045463258318971245,0.149552412323193
fourh,vts_diastolic_bp_accel_sign,float64,139,0,0.0,2,,,0.09352517985611511,0.9992177109027193,-1.0,-1.0,1.0,1.0,1.0
fourh,vts_diastolic_bp_peak_value,float64,139,0,0.0,91,,,86.02446043165467,4.410771428906817,75.7,83.44999999999999,85.8,88.15,99.4
fourh,vts_diastolic_bp_peak_minute,float64,139,0,0.0,81,,,137.0071942446043,77.66888997280007,0.0,82.0,143.0,203.0,240.0
fourh,vts_diastolic_bp_nadir_value,float64,139,0,0.0,100,,,66.72805755395683,5.275044182478315,51.3,63.3,67.0,70.1,82.9
fourh,vts_diastolic_bp_nadir_minute,float64,139,0,0.0,81,,,116.25179856115108,80.14697491060686,0.0,54.0,108.0,185.5,240.0
fourh,vts_diastolic_bp_last30_mean,float64,139,0,0.0,114,,,76.99484412470024,6.211670503052281,61.7,72.525,77.5,81.38333333333333,92.4
fourh,vts_diastolic_bp_recovery_halftime,float64,139,0,0.0,58,,,30.633093525179856,36.29291939665049,-1.0,-1.0,23.0,47.0,179.0
fourh,vts_oxygen_saturation_min,float64,139,0,0.0,57,,,94.31366906474821,1.6776105090643152,90.1,93.05,94.5,95.7,97.7
fourh,vts_oxygen_saturation_max,float64,139,0,0.0,53,,,97.50719424460432,1.5079326613847797,93.3,96.55,97.7,98.6,100.0
fourh,vts_oxygen_saturation_mean,float64,139,0,0.0,130,,,95.92016672376384,1.4325795963208734,91.81666666666666,94.88958333333333,96.24285714285716,97.09285714285713,98.44285714285714
fourh,vts_oxygen_saturation_last,float64,139,0,0.0,57,,,96.16834532374102,1.6221311787419703,90.9,95.25,96.3,97.3,98.9
fourh,vts_oxygen_saturation_range,float64,139,0,0.0,62,,,3.1935251798561155,1.0674504796641822,0.7000000000000028,2.5,3.1000000000000085,3.9000000000000057,6.099999999999994
fourh,vts_oxygen_saturation_cv,float64,139,0,0.0,139,,,0.010914990307891666,0.0035776369892467574,0.002257750723653,0.00852165779235535,0.0108457053144251,0.01311562934059725,0.0213571794405016
fourh,vts_oxygen_saturation_slope,float64,139,0,0.0,139,,,0.0028677599348925515,0.0063137515879425855,-0.0111990530127191,-0.00106491310785465,0.0026712919410472,0.0069536482709577005,0.0195824596590391
fourh,vts_oxygen_saturation_slope_first60,float64,139,0,0.0,90,,,0.0018484675501494667,0.030976938432042855,-0.0634146341463419,-0.0090683491422574,0.0,0.0077881368510890996,0.1218749999999993
fourh,vts_oxygen_saturation_slope_60_240,float64,139,0,0.0,139,,,0.001785353173572204,0.009278509821693984,-0.02120268795589,-0.0036975597621797,0.0025521551532403,0.0072327274343083,0.023579954723194
fourh,vts_oxygen_saturation_accel_sign,float64,139,0,0.0,3,,,0.014388489208633094,0.9998957301493437,-1.0,-1.0,1.0,1.0,1.0
fourh,vts_oxygen_saturation_peak_value,float64,139,0,0.0,53,,,97.50719424460432,1.5079326613847797,93.3,96.55,97.7,98.6,100.0
fourh,vts_oxygen_saturation_peak_minute,float64,139,0,0.0,72,,,136.49640287769785,83.85869533965095,0.0,66.5,149.0,207.0,240.0
fourh,vts_oxygen_saturation_nadir_value,float64,139,0,0.0,57,,,94.31366906474821,1.6776105090643152,90.1,93.05,94.5,95.7,97.7
fourh,vts_oxygen_saturation_nadir_minute,float64,139,0,0.0,78,,,98.20143884892086,82.2144755983684,0.0,28.0,81.0,164.0,240.0
fourh,vts_oxygen_saturation_n_critical,float64,139,0,0.0,3,,,0.050359712230215826,0.2503256142462107,0.0,0.0,0.0,0.0,2.0
fourh,vts_oxygen_saturation_time_to_first_critical,float64,139,0,0.0,7,,,3.2302158273381294,28.342193809814397,-1.0,-1.0,-1.0,-1.0,240.0
fourh,vts_oxygen_saturation_last30_mean,float64,139,0,0.0,83,,,96.04682254196642,1.5504338114563874,90.9,95.2,96.2,97.2,98.85
fourh,vts_oxygen_saturation_recovery_halftime,float64,139,0,0.0,67,,,35.02158273381295,39.725957568360485,-1.0,-1.0,23.0,53.5,217.0
fourh,vts_temperature_c_min,float64,139,0,0.0,92,,,36.828273381294956,0.43555716118911614,35.78,36.5,36.8,37.13,37.95
fourh,vts_temperature_c_max,float64,139,0,0.0,97,,,37.455755395683454,0.46056043115932294,36.57,37.07,37.39,37.805,38.71
fourh,vts_temperature_c_mean,float64,139,0,0.0,137,,,37.14976775722279,0.43211473360522434,36.295,36.795833333333334,37.114444444444445,37.46848214285714,38.235
fourh,vts_temperature_c_last,float64,139,0,0.0,94,,,37.115539568345326,0.48847614669169725,35.88,36.78,37.09,37.47,38.14
fourh,vts_temperature_c_range,float64,139,0,0.0,80,,,0.6274820143884889,0.18661396846136236,0.1999999999999957,0.5,0.6199999999999974,0.754999999999999,1.1199999999999974
fourh,vts_temperature_c_cv,float64,139,0,0.0,139,,,0.005541774844066358,0.001547550250104222,0.0017517883552164,0.00448183063806025,0.0053865606837917,0.0065972307265906,0.0095013400029928
fourh,vts_temperature_c_slope,float64,139,0,0.0,139,,,-0.00082354850343871,0.0011169435813566486,-0.003349416084758,-0.00162695143006215,-0.0007881439418059,-0.00010399870469479812,0.0017254341224682
fourh,vts_temperature_c_slope_first60,float64,139,0,0.0,90,,,0.0011056740978252575,0.006560114483718815,-0.01875,-0.0013341729638962,0.0,0.0030384615384614,0.0362499999999997
fourh,vts_temperature_c_slope_60_240,float64,139,0,0.0,139,,,-0.0007658699197018075,0.001973284524309738,-0.0077487229384576,-0.002039864390335,-0.0008100396556727,0.0007391755429738999,0.0034496124031008
fourh,vts_temperature_c_accel_sign,float64,139,0,0.0,3,,,-0.007194244604316547,0.9963440625512495,-1.0,-1.0,0.0,1.0,1.0
fourh,vts_temperature_c_peak_value,float64,139,0,0.0,97,,,37.455755395683454,0.46056043115932294,36.57,37.07,37.39,37.805,38.71
fourh,vts_temperature_c_peak_minute,float64,139,0,0.0,75,,,86.8273381294964,76.5942564215891,0.0,25.5,73.0,123.0,240.0
fourh,vts_temperature_c_nadir_value,float64,139,0,0.0,92,,,36.828273381294956,0.43555716118911614,35.78,36.5,36.8,37.13,37.95
fourh,vts_temperature_c_nadir_minute,float64,139,0,0.0,81,,,157.431654676259,72.46718901319473,0.0,127.0,171.0,216.5,240.0
fourh,vts_temperature_c_last30_mean,float64,139,0,0.0,113,,,37.09387889688249,0.47862090019698916,36.03333333333333,36.74250000000001,37.05,37.457499999999996,38.14
fourh,vts_temperature_c_recovery_halftime,float64,139,0,0.0,62,,,37.79136690647482,43.13199740670423,-1.0,-1.0,21.0,67.5,167.0
fourh,vts_gcs_min,float64,139,0,0.0,6,,,12.122302158273381,1.3591367233197946,9.0,11.0,12.0,13.0,14.0
fourh,vts_gcs_max,float64,139,0,0.0,5,,,14.201438848920864,1.0438214081455761,11.0,13.0,15.0,15.0,15.0
fourh,vts_gcs_mean,float64,139,0,0.0,65,,,13.26376042023524,1.1883923563078205,10.428571428571429,12.291666666666668,13.571428571428571,14.30952380952381,14.875
fourh,vts_gcs_last,float64,139,0,0.0,6,,,13.323741007194245,1.330880864114307,10.0,12.0,14.0,14.0,15.0
fourh,vts_gcs_range,float64,139,0,0.0,4,,,2.079136690647482,0.8258921237188626,1.0,2.0,2.0,2.5,4.0
fourh,vts_gcs_cv,float64,139,0,0.0,108,,,0.05694475554282849,0.01955606851002334,0.0222332042946604,0.04189978074692295,0.0523782800878924,0.0704414471249395,0.1085027796215173
fourh,vts_gcs_slope,float64,139,0,0.0,139,,,0.0017717746124229115,0.004385006538469848,-0.0063652127286957,-0.00194739725864975,0.0014895180599126,0.0049204642569601505,0.0140156116725684
fourh,vts_gcs_slope_first60,float64,139,0,0.0,85,,,-0.005434069376339697,0.02511828198769343,-0.125,-0.01823167691540635,0.0,0.0,0.0588235294117646
fourh,vts_gcs_slope_60_240,float64,139,0,0.0,139,,,0.001151382929529042,0.007780713815992284,-0.0264685624323526,-0.0031671316509395003,0.0005507474429583,0.00620890611448105,0.0215769308328291
fourh,vts_gcs_accel_sign,float64,139,0,0.0,3,,,-0.03597122302158273,0.8715309862738386,-1.0,-1.0,0.0,1.0,1.0
fourh,vts_gcs_peak_value,float64,139,0,0.0,5,,,14.201438848920864,1.0438214081455761,11.0,13.0,15.0,15.0,15.0
fourh,vts_gcs_peak_minute,float64,139,0,0.0,76,,,84.33093525179856,79.02388086028435,0.0,0.0,72.0,153.5,240.0
fourh,vts_gcs_nadir_value,float64,139,0,0.0,6,,,12.122302158273381,1.3591367233197946,9.0,11.0,12.0,13.0,14.0
fourh,vts_gcs_nadir_minute,float64,139,0,0.0,69,,,69.76978417266187,72.65386636497172,0.0,0.0,52.0,113.5,240.0
fourh,vts_gcs_n_critical,float64,139,0,0.0,10,,,2.223021582733813,2.7453337630505517,0.0,0.0,1.0,4.0,9.0
fourh,vts_gcs_time_to_first_critical,float64,139,0,0.0,32,,,16.892086330935253,41.30650554922487,-1.0,-1.0,0.0,0.0,240.0
fourh,vts_gcs_last30_mean,float64,139,0,0.0,16,,,13.338729016786571,1.2979223082085782,10.25,12.333333333333334,13.666666666666666,14.25,15.0
fourh,vts_gcs_recovery_halftime,float64,139,0,0.0,75,,,43.13669064748201,41.19240844629634,-1.0,11.0,33.0,67.5,200.0
fourh,vts_end_tidal_co2_min,float64,139,0,0.0,91,,,34.145323741007196,3.377208842867927,25.0,31.7,33.9,36.75,41.5
fourh,vts_end_tidal_co2_max,float64,139,0,0.0,93,,,42.43597122302158,3.5772430319047115,34.5,39.650000000000006,42.5,45.1,50.9
fourh,vts_end_tidal_co2_mean,float64,139,0,0.0,137,,,38.279600605230094,3.2492956560789055,31.4,35.69285714285715,38.083333333333336,40.71875,45.63333333333333
fourh,vts_end_tidal_co2_last,float64,139,0,0.0,92,,,37.6525179856115,4.090486150464018,27.8,34.349999999999994,37.1,40.5,48.3
fourh,vts_end_tidal_co2_range,float64,139,0,0.0,104,,,8.29064748201439,2.424389721096447,3.3999999999999986,6.400000000000002,8.200000000000003,10.2,13.900000000000002
fourh,vts_end_tidal_co2_cv,float64,139,0,0.0,139,,,0.07198372227829054,0.021773841081376998,0.028944278909387,0.055828443034651745,0.0715893156130028,0.0865318924312678,0.1299219770967435
fourh,vts_end_tidal_co2_slope,float64,139,0,0.0,139,,,-0.006368261366173896,0.014457106757811323,-0.044165407597969,-0.01466654177617955,-0.0054732632832773,0.0051654392813529,0.0205218388862457
fourh,vts_end_tidal_co2_slope_first60,float64,139,0,0.0,89,,,0.0012100135961277496,0.09155989787872183,-0.4000000000000005,-0.0238332305342615,0.0,0.040616153991318904,0.2486486486486484
fourh,vts_end_tidal_co2_slope_60_240,float64,139,0,0.0,139,,,-0.006356567387125129,0.02672009238072433,-0.07231702903594,-0.02051421806779935,-0.0077712068009609,0.00912666610159485,0.0787954383464006
fourh,vts_end_tidal_co2_accel_sign,float64,139,0,0.0,3,,,0.014388489208633094,0.9998957301493437,-1.0,-1.0,1.0,1.0,1.0
fourh,vts_end_tidal_co2_peak_value,float64,139,0,0.0,93,,,42.43597122302158,3.5772430319047115,34.5,39.650000000000006,42.5,45.1,50.9
fourh,vts_end_tidal_co2_peak_minute,float64,139,0,0.0,74,,,101.58992805755396,82.06791222311833,0.0,30.0,89.0,169.0,240.0
fourh,vts_end_tidal_co2_nadir_value,float64,139,0,0.0,91,,,34.145323741007196,3.377208842867927,25.0,31.7,33.9,36.75,41.5
fourh,vts_end_tidal_co2_nadir_minute,float64,139,0,0.0,84,,,143.42446043165467,76.83305621792269,0.0,97.5,148.0,211.0,240.0
fourh,vts_end_tidal_co2_n_critical,float64,139,0,0.0,4,,,0.14388489208633093,0.4593812959404769,0.0,0.0,0.0,0.0,3.0
fourh,vts_end_tidal_co2_time_to_first_critical,float64,139,0,0.0,16,,,11.597122302158274,41.125421353633804,-1.0,-1.0,-1.0,-1.0,202.0
fourh,vts_end_tidal_co2_last30_mean,float64,139,0,0.0,99,,,37.666846522781775,3.8751955001883256,27.8,34.725,37.1,40.6,48.0
fourh,vts_end_tidal_co2_recovery_halftime,float64,139,0,0.0,66,,,30.913669064748202,33.815887273478225,-1.0,-1.0,23.0,44.0,190.0
fourh,lts_n_records,float64,139,0,0.0,4,,,1.5755395683453237,0.9998435911463022,0.0,1.0,2.0,2.0,3.0
fourh,lts_any_drawn,float64,139,0,0.0,2,,,0.841726618705036,0.36631721435483605,0.0,1.0,1.0,1.0,1.0
fourh,lts_cbc_wbc_was_drawn,float64,139,0,0.0,2,,,0.841726618705036,0.36631721435483605,0.0,1.0,1.0,1.0,1.0
fourh,lts_cbc_wbc_first_minute,float64,117,22,0.15827338129496402,3,,,68.71794871794872,86.75707723827712,0.0,0.0,0.0,120.0,240.0
fourh,lts_cbc_wbc_last_minute,float64,117,22,0.15827338129496402,3,,,182.56410256410257,84.26307169804214,0.0,120.0,240.0,240.0,240.0
fourh,lts_cbc_wbc_n_draws,float64,117,22,0.15827338129496402,3,,,1.8717948717948718,0.7937086838387629,1.0,1.0,2.0,3.0,3.0
fourh,lts_cbc_wbc_first_value,float64,117,22,0.15827338129496402,112,,,8.293333333333333,2.4284431652597003,1.7,6.91,8.26,9.59,15.75
fourh,lts_cbc_wbc_last_value,float64,117,22,0.15827338129496402,108,,,8.061452991452992,2.3211108610397444,1.7,6.91,7.88,9.43,14.82
fourh,lts_cbc_wbc_max_value,float64,117,22,0.15827338129496402,108,,,9.126666666666669,2.568661935313994,1.7,7.6,9.11,10.73,15.75
fourh,lts_cbc_wbc_max_minute,float64,117,22,0.15827338129496402,3,,,118.97435897435898,89.82151473496658,0.0,0.0,120.0,240.0,240.0
fourh,lts_cbc_wbc_delta,float64,117,22,0.15827338129496402,72,,,-0.23188034188034193,2.4642610739795647,-11.09,-1.04,0.0,0.1600000000000001,6.340000000000001
fourh,lts_cbc_wbc_pct_change,float64,117,22,0.15827338129496402,72,,,0.019977082110843876,0.3168833227138526,-0.7533967391304347,-0.1233373639661426,0.0,0.0173913043478261,1.29
fourh,lts_bmp_sodium_was_drawn,float64,139,0,0.0,2,,,0.841726618705036,0.36631721435483605,0.0,1.0,1.0,1.0,1.0
fourh,lts_bmp_sodium_first_minute,float64,117,22,0.15827338129496402,3,,,68.71794871794872,86.75707723827712,0.0,0.0,0.0,120.0,240.0
fourh,lts_bmp_sodium_last_minute,float64,117,22,0.15827338129496402,3,,,182.56410256410257,84.26307169804214,0.0,120.0,240.0,240.0,240.0
fourh,lts_bmp_sodium_n_draws,float64,117,22,0.15827338129496402,3,,,1.8717948717948718,0.7937086838387629,1.0,1.0,2.0,3.0,3.0
fourh,lts_bmp_sodium_first_value,float64,117,22,0.15827338129496402,71,,,138.73846153846154,2.6678754996621583,131.3,137.1,139.0,140.5,145.8
fourh,lts_bmp_sodium_last_value,float64,117,22,0.15827338129496402,70,,,139.10085470085468,2.801000305509584,131.3,137.1,139.2,141.3,145.8
fourh,lts_bmp_sodium_max_value,float64,117,22,0.15827338129496402,71,,,139.96324786324786,2.678316451732393,131.3,138.3,140.4,141.5,145.8
fourh,lts_bmp_sodium_max_minute,float64,117,22,0.15827338129496402,3,,,129.23076923076923,98.59490304859477,0.0,0.0,120.0,240.0,240.0
fourh,lts_bmp_sodium_delta,float64,117,22,0.15827338129496402,62,,,0.36239316239316344,2.906109097310368,-6.599999999999994,-0.9000000000000057,0.0,1.5999999999999943,10.899999999999975
fourh,lts_bmp_sodium_pct_change,float64,117,22,0.15827338129496402,73,,,0.0028125136638839894,0.021103591778742024,-0.0472440944881889,-0.0065075921908894,0.0,0.0114449213161659,0.0814648729446934
fourh,lts_bmp_potassium_was_drawn,float64,139,0,0.0,2,,,0.841726618705036,0.36631721435483605,0.0,1.0,1.0,1.0,1.0
fourh,lts_bmp_potassium_first_minute,float64,117,22,0.15827338129496402,3,,,68.71794871794872,86.75707723827712,0.0,0.0,0.0,120.0,240.0
fourh,lts_bmp_potassium_last_minute,float64,117,22,0.15827338129496402,3,,,182.56410256410257,84.26307169804214,0.0,120.0,240.0,240.0,240.0
fourh,lts_bmp_potassium_n_draws,float64,117,22,0.15827338129496402,3,,,1.8717948717948718,0.7937086838387629,1.0,1.0,2.0,3.0,3.0
fourh,lts_bmp_potassium_first_value,float64,117,22,0.15827338129496402,84,,,4.14940170940171,0.409518831612575,3.06,3.87,4.12,4.47,5.18
fourh,lts_bmp_potassium_last_value,float64,117,22,0.15827338129496402,80,,,4.110085470085471,0.3680364855566017,3.31,3.88,4.11,4.39,5.0
fourh,lts_bmp_potassium_max_value,float64,117,22,0.15827338129496402,83,,,4.2645299145299145,0.40995898812226816,3.32,3.94,4.3,4.59,5.18
fourh,lts_bmp_potassium_max_minute,float64,117,22,0.15827338129496402,3,,,113.84615384615384,95.64523307556722,0.0,0.0,120.0,240.0,240.0
fourh,lts_bmp_potassium_delta,float64,117,22,0.15827338129496402,61,,,-0.039316239316239315,0.3850855849694358,-1.3299999999999996,-0.1699999999999999,0.0,0.0100000000000006,1.4300000000000002
fourh,lts_bmp_potassium_pct_change,float64,117,22,0.15827338129496402,71,,,-0.004265413571913071,0.09562974511387955,-0.2866379310344827,-0.0358649789029535,0.0,0.0025445292620864,0.4673202614379085
fourh,lts_bmp_bicarb_was_drawn,float64,139,0,0.0,2,,,0.841726618705036,0.36631721435483605,0.0,1.0,1.0,1.0,1.0
fourh,lts_bmp_bicarb_first_minute,float64,117,22,0.15827338129496402,3,,,68.71794871794872,86.75707723827712,0.0,0.0,0.0,120.0,240.0
fourh,lts_bmp_bicarb_last_minute,float64,117,22,0.15827338129496402,3,,,182.56410256410257,84.26307169804214,0.0,120.0,240.0,240.0,240.0
fourh,lts_bmp_bicarb_n_draws,float64,117,22,0.15827338129496402,3,,,1.8717948717948718,0.7937086838387629,1.0,1.0,2.0,3.0,3.0
fourh,lts_bmp_bicarb_first_value,float64,117,22,0.15827338129496402,65,,,21.739316239316235,2.5859020058024864,15.9,20.1,21.7,23.9,26.8
fourh,lts_bmp_bicarb_last_value,float64,117,22,0.15827338129496402,66,,,22.0025641025641,2.5260525815117814,16.0,20.5,21.8,23.9,28.5
fourh,lts_bmp_bicarb_max_value,float64,117,22,0.15827338129496402,57,,,22.867521367521363,2.1137003449510976,16.9,21.3,23.0,24.4,28.5
fourh,lts_bmp_bicarb_max_minute,float64,117,22,0.15827338129496402,3,,,126.15384615384616,96.93444419889424,0.0,0.0,120.0,240.0,240.0
fourh,lts_bmp_bicarb_delta,float64,117,22,0.15827338129496402,60,,,0.26324786324786303,2.766193646779355,-6.200000000000003,-0.6000000000000014,0.0,0.3000000000000007,7.5
fourh,lts_bmp_bicarb_pct_change,float64,117,22,0.15827338129496402,69,,,0.021564813983080095,0.13853645095384126,-0.2520325203252033,-0.025,0.0,0.0157068062827223,0.4166666666666667
fourh,lts_lft_ast_was_drawn,float64,139,0,0.0,2,,,0.841726618705036,0.36631721435483605,0.0,1.0,1.0,1.0,1.0
fourh,lts_lft_ast_first_minute,float64,117,22,0.15827338129496402,3,,,68.71794871794872,86.75707723827712,0.0,0.0,0.0,120.0,240.0
fourh,lts_lft_ast_last_minute,float64,117,22,0.15827338129496402,3,,,182.56410256410257,84.26307169804214,0.0,120.0,240.0,240.0,240.0
fourh,lts_lft_ast_n_draws,float64,117,22,0.15827338129496402,3,,,1.8717948717948718,0.7937086838387629,1.0,1.0,2.0,3.0,3.0
fourh,lts_lft_ast_first_value,float64,117,22,0.15827338129496402,107,,,40.55042735042735,16.56075868624602,8.0,27.7,38.2,52.3,83.8
fourh,lts_lft_ast_last_value,float64,117,22,0.15827338129496402,106,,,37.73760683760683,15.062185618385914,8.0,26.1,36.8,49.2,75.6
fourh,lts_lft_ast_max_value,float64,117,22,0.15827338129496402,106,,,45.0076923076923,17.08658555228469,8.0,32.2,45.0,57.0,83.8
fourh,lts_lft_ast_max_minute,float64,117,22,0.15827338129496402,3,,,110.76923076923077,94.74242619309952,0.0,0.0,120.0,240.0,240.0
fourh,lts_lft_ast_delta,float64,117,22,0.15827338129496402,73,,,-2.8128205128205135,14.125792858196634,-39.1,-9.2,0.0,0.0,41.10000000000001
fourh,lts_lft_ast_pct_change,float64,117,22,0.15827338129496402,73,,,-0.007039397603383639,0.38016692384142187,-0.7723577235772358,-0.2179487179487179,0.0,0.0,1.5759162303664922
fourh,lts_vbg_ph_was_drawn,float64,139,0,0.0,2,,,0.841726618705036,0.36631721435483605,0.0,1.0,1.0,1.0,1.0
fourh,lts_vbg_ph_first_minute,float64,117,22,0.15827338129496402,3,,,68.71794871794872,86.75707723827712,0.0,0.0,0.0,120.0,240.0
fourh,lts_vbg_ph_last_minute,float64,117,22,0.15827338129496402,3,,,182.56410256410257,84.26307169804214,0.0,120.0,240.0,240.0,240.0
fourh,lts_vbg_ph_n_draws,float64,117,22,0.15827338129496402,3,,,1.8717948717948718,0.7937086838387629,1.0,1.0,2.0,3.0,3.0
fourh,lts_vbg_ph_first_value,float64,117,22,0.15827338129496402,78,,,7.355213675213676,0.036956131743532426,7.277,7.327,7.351,7.379,7.438
fourh,lts_vbg_ph_last_value,float64,117,22,0.15827338129496402,81,,,7.361461538461538,0.038978671989006,7.245,7.337,7.361,7.392,7.449
fourh,lts_vbg_ph_max_value,float64,117,22,0.15827338129496402,79,,,7.370017094017093,0.033294915969461394,7.303,7.343,7.368,7.393,7.449
fourh,lts_vbg_ph_max_minute,float64,117,22,0.15827338129496402,3,,,145.64102564102564,96.9125504788637,0.0,120.0,120.0,240.0,240.0
fourh,lts_vbg_ph_delta,float64,117,22,0.15827338129496402,58,,,0.006247863247863224,0.030077459191717136,-0.1029999999999997,0.0,0.0,0.0249999999999994,0.0810000000000004
fourh,lts_vbg_ph_pct_change,float64,117,22,0.15827338129496402,71,,,0.0008563424626501429,0.004088594502192132,-0.0139020110676204,0.0,0.0,0.003415300546448,0.0110399345781655
fourh,lts_troponin_was_drawn,float64,139,0,0.0,2,,,0.841726618705036,0.36631721435483605,0.0,1.0,1.0,1.0,1.0
fourh,lts_troponin_first_minute,float64,117,22,0.15827338129496402,3,,,68.71794871794872,86.75707723827712,0.0,0.0,0.0,120.0,240.0
fourh,lts_troponin_last_minute,float64,117,22,0.15827338129496402,3,,,182.56410256410257,84.26307169804214,0.0,120.0,240.0,240.0,240.0
fourh,lts_troponin_n_draws,float64,117,22,0.15827338129496402,3,,,1.8717948717948718,0.7937086838387629,1.0,1.0,2.0,3.0,3.0
fourh,lts_troponin_first_value,float64,117,22,0.15827338129496402,86,,,0.061564102564102566,0.047576867860733174,0.0,0.024,0.048,0.095,0.194
fourh,lts_troponin_last_value,float64,117,22,0.15827338129496402,77,,,0.04797435897435897,0.03906172426285439,0.0,0.015,0.039,0.074,0.153
fourh,lts_troponin_max_value,float64,117,22,0.15827338129496402,88,,,0.0659059829059829,0.048010951140479374,0.0,0.027,0.059,0.103,0.194
fourh,lts_troponin_max_minute,float64,117,22,0.15827338129496402,3,,,96.41025641025641,96.15416445570658,0.0,0.0,120.0,120.0,240.0
fourh,lts_troponin_delta,float64,117,22,0.15827338129496402,62,,,-0.013589743589743589,0.028724960264116386,-0.108,-0.031,0.0,0.0,0.059
fourh,lts_troponin_pct_change,float64,117,22,0.15827338129496402,66,,,94017.11480582002,1016950.3578088302,-1.0,-0.3841463414634146,0.0,0.0,10999999.999999998
fourh,lts_lactate_was_drawn,float64,139,0,0.0,2,,,0.841726618705036,0.36631721435483605,0.0,1.0,1.0,1.0,1.0
fourh,lts_lactate_first_minute,float64,117,22,0.15827338129496402,3,,,68.71794871794872,86.75707723827712,0.0,0.0,0.0,120.0,240.0
fourh,lts_lactate_last_minute,float64,117,22,0.15827338129496402,3,,,182.56410256410257,84.26307169804214,0.0,120.0,240.0,240.0,240.0
fourh,lts_lactate_n_draws,float64,117,22,0.15827338129496402,3,,,1.8717948717948718,0.7937086838387629,1.0,1.0,2.0,3.0,3.0
fourh,lts_lactate_first_value,float64,117,22,0.15827338129496402,98,,,2.5941025641025646,1.0865352667730783,0.61,1.96,2.34,3.26,5.32
fourh,lts_lactate_last_value,float64,117,22,0.15827338129496402,97,,,2.422564102564103,1.0624720311500568,0.4,1.7,2.2,3.02,5.45
fourh,lts_lactate_max_value,float64,117,22,0.15827338129496402,101,,,2.8310256410256414,1.1369274873121133,0.61,2.06,2.69,3.59,5.45
fourh,lts_lactate_max_minute,float64,117,22,0.15827338129496402,3,,,114.87179487179488,100.14313363807881,0.0,0.0,120.0,240.0,240.0
fourh,lts_lactate_delta,float64,117,22,0.15827338129496402,70,,,-0.1715384615384615,0.9922341695461078,-3.9,-0.4199999999999999,0.0,0.0600000000000005,2.19
fourh,lts_lactate_pct_change,float64,117,22,0.15827338129496402,72,,,0.012282102474824504,0.45251021736961355,-0.8776758409785933,-0.1478873239436619,0.0,0.0142180094786731,2.354430379746835
fourh,lts_cpk_was_drawn,float64,139,0,0.0,2,,,0.841726618705036,0.36631721435483605,0.0,1.0,1.0,1.0,1.0
fourh,lts_cpk_first_minute,float64,117,22,0.15827338129496402,3,,,68.71794871794872,86.75707723827712,0.0,0.0,0.0,120.0,240.0
fourh,lts_cpk_last_minute,float64,117,22,0.15827338129496402,3,,,182.56410256410257,84.26307169804214,0.0,120.0,240.0,240.0,240.0
fourh,lts_cpk_n_draws,float64,117,22,0.15827338129496402,3,,,1.8717948717948718,0.7937086838387629,1.0,1.0,2.0,3.0,3.0
fourh,lts_cpk_first_value,float64,117,22,0.15827338129496402,115,,,497.72478632478635,255.86107218498915,20.0,298.5,461.6,690.9,998.7
fourh,lts_cpk_last_value,float64,117,22,0.15827338129496402,116,,,448.4615384615385,274.5840000380996,20.0,235.6,419.5,605.2,1456.1
fourh,lts_cpk_max_value,float64,117,22,0.15827338129496402,115,,,535.3042735042735,287.3724590843744,20.0,307.4,475.5,736.0,1456.1
fourh,lts_cpk_max_minute,float64,117,22,0.15827338129496402,3,,,106.66666666666667,100.61877524117695,0.0,0.0,120.0,240.0,240.0
fourh,lts_cpk_delta,float64,117,22,0.15827338129496402,73,,,-49.26324786324786,169.1985594411095,-517.3,-128.4000000000001,0.0,0.0,500.4999999999999
fourh,lts_cpk_pct_change,float64,117,22,0.15827338129496402,73,,,-0.06539842348498003,0.37462155332761,-0.9070324986680874,-0.2394494025109665,0.0,0.0,1.840508806262231
fourh,lts_esr_was_drawn,float64,139,0,0.0,2,,,0.841726618705036,0.36631721435483605,0.0,1.0,1.0,1.0,1.0
fourh,lts_esr_first_minute,float64,117,22,0.15827338129496402,3,,,68.71794871794872,86.75707723827712,0.0,0.0,0.0,120.0,240.0
fourh,lts_esr_last_minute,float64,117,22,0.15827338129496402,3,,,182.56410256410257,84.26307169804214,0.0,120.0,240.0,240.0,240.0
fourh,lts_esr_n_draws,float64,117,22,0.15827338129496402,3,,,1.8717948717948718,0.7937086838387629,1.0,1.0,2.0,3.0,3.0
fourh,lts_esr_first_value,float64,117,22,0.15827338129496402,94,,,16.163247863247864,7.222517450720712,1.0,10.8,15.7,21.0,30.9
fourh,lts_esr_last_value,float64,117,22,0.15827338129496402,91,,,14.861538461538462,7.811903452025414,1.0,9.3,15.0,19.4,36.2
fourh,lts_esr_max_value,float64,117,22,0.15827338129496402,97,,,18.24871794871795,7.953817294172127,1.0,11.8,17.8,25.4,36.2
fourh,lts_esr_max_minute,float64,117,22,0.15827338129496402,3,,,111.7948717948718,96.78108415045199,0.0,0.0,120.0,240.0,240.0
fourh,lts_esr_delta,float64,117,22,0.15827338129496402,72,,,-1.3017094017094015,6.977166983935614,-18.5,-4.800000000000001,0.0,0.0,19.8
fourh,lts_esr_pct_change,float64,117,22,0.15827338129496402,73,,,0.0057869255484950255,0.6048562182276046,-0.9487179487179488,-0.2711864406779661,0.0,0.0,3.473684210526316
fourh,lts_crp_was_drawn,float64,139,0,0.0,2,,,0.841726618705036,0.36631721435483605,0.0,1.0,1.0,1.0,1.0
fourh,lts_crp_first_minute,float64,117,22,0.15827338129496402,3,,,68.71794871794872,86.75707723827712,0.0,0.0,0.0,120.0,240.0
fourh,lts_crp_last_minute,float64,117,22,0.15827338129496402,3,,,182.56410256410257,84.26307169804214,0.0,120.0,240.0,240.0,240.0
fourh,lts_crp_n_draws,float64,117,22,0.15827338129496402,3,,,1.8717948717948718,0.7937086838387629,1.0,1.0,2.0,3.0,3.0
fourh,lts_crp_first_value,float64,117,22,0.15827338129496402,103,,,3.7595726495726507,2.823471021438095,0.1,1.62,3.25,5.35,12.53
fourh,lts_crp_last_value,float64,117,22,0.15827338129496402,90,,,3.4640170940170947,2.8205844527114747,0.1,1.14,2.92,5.35,13.02
fourh,lts_crp_max_value,float64,117,22,0.15827338129496402,104,,,4.89957264957265,3.1571015715428934,0.1,2.32,4.49,7.1,13.02
fourh,lts_crp_max_minute,float64,117,22,0.15827338129496402,3,,,124.1025641025641,95.75610042827961,0.0,0.0,120.0,240.0,240.0
fourh,lts_crp_delta,float64,117,22,0.15827338129496402,73,,,-0.2955555555555555,3.4231303591798397,-10.76,-1.3499999999999996,0.0,0.7999999999999998,10.31
fourh,lts_crp_pct_change,float64,117,22,0.15827338129496402,73,,,0.8074810545666575,4.095013195342364,-0.9900793650793652,-0.3746397694524496,0.0,0.3367521367521369,30.214285714285715
fourh,lts_poct_glucose_was_drawn,float64,139,0,0.0,2,,,0.841726618705036,0.36631721435483605,0.0,1.0,1.0,1.0,1.0
fourh,lts_poct_glucose_first_minute,float64,117,22,0.15827338129496402,3,,,68.71794871794872,86.75707723827712,0.0,0.0,0.0,120.0,240.0
fourh,lts_poct_glucose_last_minute,float64,117,22,0.15827338129496402,3,,,182.56410256410257,84.26307169804214,0.0,120.0,240.0,240.0,240.0
fourh,lts_poct_glucose_n_draws,float64,117,22,0.15827338129496402,3,,,1.8717948717948718,0.7937086838387629,1.0,1.0,2.0,3.0,3.0
fourh,lts_poct_glucose_first_value,float64,117,22,0.15827338129496402,108,,,109.24957264957264,17.697942720551875,68.9,98.4,107.1,120.3,166.2
fourh,lts_poct_glucose_last_value,float64,117,22,0.15827338129496402,110,,,107.05299145299146,18.268847483841377,67.6,93.0,105.3,120.1,152.9
fourh,lts_poct_glucose_max_value,float64,117,22,0.15827338129496402,107,,,114.82564102564103,20.49595903757681,68.9,100.4,115.2,131.7,166.2
fourh,lts_poct_glucose_max_minute,float64,117,22,0.15827338129496402,3,,,112.82051282051282,93.60450690820315,0.0,0.0,120.0,240.0,240.0
fourh,lts_poct_glucose_delta,float64,117,22,0.15827338129496402,72,,,-2.196581196581196,16.06011300054682,-45.49999999999999,-6.300000000000011,0.0,0.4000000000000057,49.400000000000006
fourh,lts_poct_glucose_pct_change,float64,117,22,0.15827338129496402,73,,,-0.011558514888548093,0.1401002258328551,-0.3328456474030723,-0.0555555555555554,0.0,0.0035211267605634,0.4772946859903382
fourh,lts_serum_osm_was_drawn,float64,139,0,0.0,2,,,0.841726618705036,0.36631721435483605,0.0,1.0,1.0,1.0,1.0
fourh,lts_serum_osm_first_minute,float64,117,22,0.15827338129496402,3,,,68.71794871794872,86.75707723827712,0.0,0.0,0.0,120.0,240.0
fourh,lts_serum_osm_last_minute,float64,117,22,0.15827338129496402,3,,,182.56410256410257,84.26307169804214,0.0,120.0,240.0,240.0,240.0
fourh,lts_serum_osm_n_draws,float64,117,22,0.15827338129496402,3,,,1.8717948717948718,0.7937086838387629,1.0,1.0,2.0,3.0,3.0
fourh,lts_serum_osm_first_value,float64,117,22,0.15827338129496402,96,,,290.9384615384615,8.070132739944139,273.0,285.3,290.2,296.0,310.9
fourh,lts_serum_osm_last_value,float64,117,22,0.15827338129496402,93,,,290.68547008547006,7.259669710322689,276.2,285.7,289.7,295.2,314.1
fourh,lts_serum_osm_max_value,float64,117,22,0.15827338129496402,94,,,293.98119658119657,7.962032009999967,277.1,287.3,294.0,299.8,314.1
fourh,lts_serum_osm_max_minute,float64,117,22,0.15827338129496402,3,,,121.02564102564102,93.87615296490752,0.0,0.0,120.0,240.0,240.0
fourh,lts_serum_osm_delta,float64,117,22,0.15827338129496402,65,,,-0.25299145299145076,7.430558672196916,-15.400000000000034,-3.400000000000034,0.0,0.0,22.100000000000023
fourh,lts_serum_osm_pct_change,float64,117,22,0.15827338129496402,73,,,-0.000474716721588689,0.025596934885813143,-0.0508474576271184,-0.0118756549074398,0.0,0.0,0.079582283039251
fourh,itv_n_total,float64,139,0,0.0,7,,,2.064748201438849,1.1746638933009743,0.0,1.0,2.0,3.0,6.0
fourh,itv_any,float64,139,0,0.0,2,,,0.920863309352518,0.2709283075777425,0.0,1.0,1.0,1.0,1.0
fourh,itv_first_minute,float64,139,0,0.0,91,,,74.2589928057554,55.15542441552299,-1.0,33.5,68.0,104.5,219.0
fourh,itv_last_minute,float64,139,0,0.0,92,,,136.5251798561151,69.95032719311568,-1.0,78.5,159.0,195.0,228.0
fourh,itv_density_first_hour,float64,139,0,0.0,4,,,0.460431654676259,0.6400428773041864,0.0,0.0,0.0,1.0,3.0
fourh,itv_benzo_count,float64,139,0,0.0,2,,,0.5899280575539568,0.4936253000158772,0.0,0.0,1.0,1.0,1.0
fourh,itv_time_to_first_benzo,float64,139,0,0.0,71,,,68.12949640287769,73.79199463006596,-1.0,-1.0,43.0,138.0,216.0
fourh,itv_fluid_count,float64,139,0,0.0,2,,,0.697841726618705,0.46085422038771773,0.0,0.0,1.0,1.0,1.0
fourh,itv_time_to_first_fluid,float64,139,0,0.0,76,,,84.59712230215827,79.24450508307656,-1.0,-1.0,69.0,158.5,228.0
fourh,itv_intubation_count,float64,139,0,0.0,2,,,0.06474820143884892,0.2469710155359484,0.0,0.0,0.0,0.0,1.0
fourh,itv_time_to_first_intubation,float64,139,0,0.0,9,,,6.884892086330935,34.95153562521587,-1.0,-1.0,-1.0,-1.0,213.0
fourh,itv_reversal_count,float64,139,0,0.0,2,,,0.17266187050359713,0.3793216209054408,0.0,0.0,0.0,0.0,1.0
fourh,itv_time_to_first_reversal,float64,139,0,0.0,25,,,16.453237410071942,46.097285754542874,-1.0,-1.0,-1.0,-1.0,222.0
fourh,itv_antipyretic_count,float64,139,0,0.0,2,,,0.3237410071942446,0.46959475804621736,0.0,0.0,0.0,1.0,1.0
fourh,itv_time_to_first_antipyretic,float64,139,0,0.0,40,,,36.798561151079134,63.05451745773458,-1.0,-1.0,-1.0,66.0,206.0
fourh,itv_escalation_max_rung,float64,139,0,0.0,6,,,3.5755395683453237,1.7024211968235166,0.0,2.0,4.0,4.0,7.0
fourh,itv_intubation_after_benzo,float64,139,0,0.0,2,,,0.014388489208633094,0.11951662978045265,0.0,0.0,0.0,0.0,1.0
fourh,xmod_first_lab_to_first_itv_min,float64,110,29,0.20863309352517986,97,,,17.327272727272728,101.65087842334106,-230.0,-66.0,40.5,85.75,217.0
fourh,xmod_hr_crit_to_benzo_min,float64,19,120,0.8633093525179856,19,,,93.47368421052632,77.54953142709118,-52.0,33.5,89.0,151.5,210.0
fourh,stab_total_critical_breaches,float64,139,0,0.0,19,,,3.9784172661870505,5.010810958548368,0.0,0.0,2.0,6.5,21.0
fourh,stab_max_consecutive_critical_min,float64,139,0,0.0,65,,,77.61870503597122,83.13664286412288,0.0,0.0,43.0,133.5,240.0
fourh,stab_hr_oscillations,float64,139,0,0.0,6,,,3.647482014388489,1.1969969025937792,1.0,3.0,4.0,5.0,6.0
fourh,arc_time_to_min_gcs_min,float64,139,0,0.0,69,,,69.76978417266187,72.65386636497172,0.0,0.0,52.0,113.5,240.0
fourh,arc_time_to_gcs_recovery_min,float64,139,0,0.0,43,,,176.26618705035972,79.38518968392759,-1.0,184.5,200.0,220.5,240.0
fourh,arc_steady_state_last60,float64,139,0,0.0,2,,,0.6762589928057554,0.46959475804621736,0.0,0.0,1.0,1.0,1.0
fourh,arc_trajectory_class,float64,139,0,0.0,3,,,0.07913669064748201,0.3199807105019249,-1.0,0.0,0.0,0.0,1.0
fourh,diff_hr,float64,139,0,0.0,130,,,-12.173381294964027,14.862254376461939,-62.69999999999999,-20.54999999999999,-11.299999999999995,-2.450000000000003,20.5
fourh,abs_diff_hr,float64,139,0,0.0,125,,,14.741726618705032,12.298715022313647,0.0,5.849999999999994,11.799999999999995,20.749999999999993,62.69999999999999
fourh,pct_change_hr,float64,139,0,0.0,139,,,-0.10506786971343966,0.13105158983854612,-0.451207729468599,-0.193583372684705,-0.1002570694087403,-0.02265136823960345,0.2581863979848866
fourh,direction_hr,int64,139,0,0.0,3,,,-0.6187050359712231,0.7838559784644468,-1.0,-1.0,-1.0,-1.0,1.0
fourh,diff_rr,float64,139,0,0.0,120,,,-5.158992805755395,5.368302203064404,-20.0,-8.55,-5.100000000000001,-1.0,7.199999999999999
fourh,abs_diff_rr,float64,139,0,0.0,109,,,5.9287769784172655,4.496846634342726,0.0,2.4000000000000004,5.199999999999999,8.55,20.0
fourh,pct_change_rr,float64,139,0,0.0,138,,,-0.18532923520002365,0.21807717950020752,-0.5956112852664577,-0.3328598484848485,-0.2122448979591836,-0.0488548890636543,0.6728971962616822
fourh,direction_rr,int64,139,0,0.0,3,,,-0.6330935251798561,0.7721969870711949,-1.0,-1.0,-1.0,-1.0,1.0
fourh,diff_sbp,float64,139,0,0.0,130,,,7.053956834532372,18.950091836368998,-46.0,-6.050000000000004,7.800000000000011,21.89999999999999,45.99999999999999
fourh,abs_diff_sbp,float64,139,0,0.0,128,,,16.641007194244605,11.414685512751559,0.0999999999999943,7.450000000000003,14.099999999999994,24.85000000000001,46.0
fourh,pct_change_sbp,float64,139,0,0.0,138,,,0.07736208136787108,0.1691406643148174,-0.3116531165311653,-0.0504109157431877,0.0677671589921808,0.2064849226660732,0.4994206257242179
fourh,direction_sbp,int64,139,0,0.0,2,,,0.3237410071942446,0.949567615851731,-1.0,-1.0,1.0,1.0,1.0
fourh,diff_dbp,float64,139,0,0.0,127,,,3.907913669064749,10.954610337418071,-25.200000000000003,-3.0500000000000043,3.5,11.0,27.300000000000004
fourh,abs_diff_dbp,float64,139,0,0.0,120,,,9.320863309352518,6.9193854424703165,0.0999999999999943,3.5,7.400000000000006,13.450000000000005,27.300000000000004
fourh,pct_change_dbp,float64,139,0,0.0,139,,,0.06838654192873307,0.16299218392547468,-0.2923264311814859,-0.04042160737812915,0.0490620490620491,0.15641249056696088,0.5419999999999999
fourh,direction_dbp,int64,139,0,0.0,2,,,0.3237410071942446,0.949567615851731,-1.0,-1.0,1.0,1.0,1.0
fourh,diff_spo2,float64,139,0,0.0,80,,,0.9165467625899287,1.7549349516126294,-3.1000000000000085,-0.2000000000000028,0.8000000000000114,2.1500000000000057,6.0
fourh,abs_diff_spo2,float64,139,0,0.0,61,,,1.5942446043165481,1.1687209523119069,0.0,0.6000000000000085,1.4000000000000057,2.3999999999999986,6.0
fourh,pct_change_spo2,float64,139,0,0.0,137,,,0.009900442500704945,0.018599754988521833,-0.0315682281059064,-0.00206730769230765,0.0084566596194504,0.02289382378861625,0.066006600660066
fourh,direction_spo2,int64,139,0,0.0,3,,,0.38848920863309355,0.9208596437993982,-1.0,-1.0,1.0,1.0,1.0
fourh,diff_temp,float64,139,0,0.0,104,,,-0.47791366906474847,0.3872879968356397,-1.3600000000000063,-0.6949999999999967,-0.4599999999999937,-0.20499999999999824,0.3599999999999994
fourh,abs_diff_temp,float64,139,0,0.0,100,,,0.5095683453237413,0.34424854204610017,0.009999999999998,0.274999999999995,0.4599999999999937,0.6949999999999967,1.3600000000000063
fourh,pct_change_temp,float64,139,0,0.0,139,,,-0.012608121062475023,0.010131343487318313,-0.035142118863049,-0.01849178012875725,-0.0122587376108504,-0.00554325473389365,0.0096256684491978
fourh,direction_temp,int64,139,0,0.0,2,,,-0.8129496402877698,0.5844400928095222,-1.0,-1.0,-1.0,-1.0,1.0
fourh,diff_gcs,int64,139,0,0.0,8,,,1.0287769784172662,1.382826584552245,-2.0,0.0,1.0,2.0,5.0
fourh,abs_diff_gcs,int64,139,0,0.0,6,,,1.3741007194244603,1.03750942929163,0.0,1.0,1.0,2.0,5.0
fourh,pct_change_gcs,float64,139,0,0.0,27,,,0.09918540691921986,0.13526209113922902,-0.1538461538461538,0.0,0.0769230769230769,0.1818181818181818,0.7142857142857143
fourh,direction_gcs,int64,139,0,0.0,3,,,0.5251798561151079,0.7256275170528795,-1.0,0.0,1.0,1.0,1.0
fourh,diff_supp_o2,int64,139,0,0.0,3,,,-0.23741007194244604,0.4752228129275849,-1.0,-1.0,0.0,0.0,1.0
fourh,abs_diff_supp_o2,int64,139,0,0.0,2,,,0.2805755395683453,0.4509053208633259,0.0,0.0,0.0,1.0,1.0
fourh,pct_change_supp_o2,float64,139,0,0.0,3,,,21582.474820143885,145842.2155277195,-1.0,-1.0,0.0,0.0,1000000.0
fourh,direction_supp_o2,int64,139,0,0.0,3,,,-0.23741007194244604,0.4752228129275849,-1.0,-1.0,0.0,0.0,1.0
fourh,n_vitals_worsening,int64,139,0,0.0,5,,,1.39568345323741,0.9602136313928409,0.0,1.0,1.0,2.0,4.0
fourh,any_vital_crit_at_4h_new,int64,139,0,0.0,2,,,0.06474820143884892,0.2469710155359484,0.0,0.0,0.0,0.0,1.0
fourh,n_vitals_crit_at_4h_new,int64,139,0,0.0,2,,,0.06474820143884892,0.2469710155359484,0.0,0.0,0.0,0.0,1.0
fourh,supp_o2_escalated,int64,139,0,0.0,2,,,0.02158273381294964,0.14584217692177975,0.0,0.0,0.0,0.0,1.0
fourh,supp_o2_weaned,int64,139,0,0.0,2,,,0.2589928057553957,0.43966603756208983,0.0,0.0,0.0,1.0,1.0
fourh,note_onset_minutes,float64,109,30,0.2158273381294964,88,,,140.651376146789,72.42561652236203,28.0,74.0,140.0,201.0,290.0
fourh,note_has_onset_phrase,int64,139,0,0.0,2,,,0.7841726618705036,0.4128829347380872,0.0,1.0,1.0,1.0,1.0
fourh,note_is_festival_template,int64,139,0,0.0,2,,,0.7266187050359713,0.44730684270603804,0.0,0.0,1.0,1.0,1.0
fourh,note_char_len,int64,139,0,0.0,47,,,93.20143884892086,17.545873562582514,34.0,90.0,98.0,102.0,155.0
fourh,note_word_count,int64,139,0,0.0,13,,,13.568345323741006,2.621124771599626,7.0,13.0,14.0,15.0,27.0
fourh,note_location_main_stage,int64,139,0,0.0,2,,,0.19424460431654678,0.3970488569529349,0.0,0.0,0.0,0.0,1.0
fourh,note_location_medical_tent,int64,139,0,0.0,2,,,0.1079136690647482,0.3113934898748534,0.0,0.0,0.0,0.0,1.0
fourh,note_location_campground,int64,139,0,0.0,2,,,0.12949640287769784,0.336962827995515,0.0,0.0,0.0,0.0,1.0
fourh,note_location_shopping_area,int64,139,0,0.0,2,,,0.014388489208633094,0.11951662978045266,0.0,0.0,0.0,0.0,1.0
fourh,note_location_other,int64,139,0,0.0,2,,,0.2949640287769784,0.45767587749587846,0.0,0.0,0.0,1.0,1.0
fourh,note_location_none,int64,139,0,0.0,2,,,0.2733812949640288,0.44730684270603804,0.0,0.0,0.0,1.0,1.0
fourh,note_onset_bucket_fast,int64,139,0,0.0,2,,,0.1223021582733813,0.32881940011784405,0.0,0.0,0.0,0.0,1.0
fourh,note_onset_bucket_medium,int64,139,0,0.0,2,,,0.39568345323741005,0.4907655220395697,0.0,0.0,0.0,1.0,1.0
fourh,note_onset_bucket_slow,int64,139,0,0.0,2,,,0.26618705035971224,0.44356166455846274,0.0,0.0,0.0,1.0,1.0
fourh,note_onset_bucket_unknown,int64,139,0,0.0,2,,,0.2158273381294964,0.4128829347380872,0.0,0.0,0.0,0.0,1.0
fourh,hpi_word_count_4h,int64,139,0,0.0,69,,,200.24460431654677,56.889014976737464,96.0,123.5,223.0,245.0,280.0
fourh,hpi_has_severe_4h,int64,139,0,0.0,2,,,0.19424460431654678,0.3970488569529349,0.0,0.0,0.0,0.0,1.0
fourh,mdm_word_count_4h,int64,139,0,0.0,18,,,44.02158273381295,4.268977452657008,37.0,41.0,43.0,46.0,70.0
fourh,mdm_severity_tier_4h,int64,139,0,0.0,3,,,2.4964028776978417,0.6743123251696627,1.0,2.0,3.0,3.0,3.0
fourh,pe_agitated,int64,139,0,0.0,2,,,0.1079136690647482,0.3113934898748534,0.0,0.0,0.0,0.0,1.0
fourh,pe_ataxia,int64,139,0,0.0,2,,,0.2158273381294964,0.4128829347380871,0.0,0.0,0.0,0.0,1.0
fourh,pe_diaphoretic,int64,139,0,0.0,2,,,0.2446043165467626,0.43140697720508925,0.0,0.0,0.0,0.0,1.0
fourh,pe_distractible,int64,139,0,0.0,2,,,0.1223021582733813,0.32881940011784405,0.0,0.0,0.0,0.0,1.0
fourh,pe_dry_mucosa,int64,139,0,0.0,2,,,0.33093525179856115,0.47225160956190815,0.0,0.0,0.0,1.0,1.0
fourh,pe_fatigued_appearance,int64,139,0,0.0,2,,,0.23741007194244604,0.4270344963316678,0.0,0.0,0.0,0.0,1.0
fourh,pe_intermittent_disorientation,int64,139,0,0.0,2,,,0.1366906474820144,0.3447628642894359,0.0,0.0,0.0,0.0,1.0
fourh,pe_mild_tremor,int64,139,0,0.0,2,,,0.2158273381294964,0.4128829347380871,0.0,0.0,0.0,0.0,1.0
fourh,pe_reduced_tracking,int64,139,0,0.0,2,,,0.2014388489208633,0.40252565162850834,0.0,0.0,0.0,0.0,1.0
fourh,pe_restless,int64,139,0,0.0,2,,,0.11510791366906475,0.32030639069869854,0.0,0.0,0.0,0.0,1.0
fourh,pe_slow_responses,int64,139,0,0.0,2,,,0.19424460431654678,0.3970488569529349,0.0,0.0,0.0,0.0,1.0
fourh,pe_tachycardic,int64,139,0,0.0,2,,,0.20863309352517986,0.4078011049711894,0.0,0.0,0.0,0.0,1.0
fourh,pe_tachypneic_effort,int64,139,0,0.0,2,,,0.1223021582733813,0.32881940011784405,0.0,0.0,0.0,0.0,1.0
fourh,pe_unsteady_gait,int64,139,0,0.0,2,,,0.23741007194244604,0.4270344963316678,0.0,0.0,0.0,0.0,1.0
fourh,pe_kraken_combo,int64,139,0,0.0,2,,,0.1223021582733813,0.32881940011784405,0.0,0.0,0.0,0.0,1.0
fourh,pe_triton_combo,int64,139,0,0.0,2,,,0.08633093525179857,0.281867848274946,0.0,0.0,0.0,0.0,1.0
fourh,peak_lactate_5plus,int64,139,0,0.0,2,,,0.02877697841726619,0.16778376539443354,0.0,0.0,0.0,0.0,1.0
fourh,peak_cpk_1000plus,int64,139,0,0.0,2,,,0.02158273381294964,0.14584217692177975,0.0,0.0,0.0,0.0,1.0
fourh,peak_troponin_015plus,int64,139,0,0.0,2,,,0.050359712230215826,0.21947701365872982,0.0,0.0,0.0,0.0,1.0
fourh,peak_hr_150plus,int64,139,0,0.0,2,,,0.02158273381294964,0.14584217692177975,0.0,0.0,0.0,0.0,1.0
fourh,kraken_severity_anchor,int64,139,0,0.0,2,,,0.07194244604316546,0.2593271050009551,0.0,0.0,0.0,0.0,1.0
fourh,all_peak_labs_normal,int64,139,0,0.0,2,,,0.04316546762589928,0.20396446113862482,0.0,0.0,0.0,0.0,1.0
fourh,triage_chief_agitation,int64,139,0,0.0,2,,,0.1079136690647482,0.3113934898748534,0.0,0.0,0.0,0.0,1.0
fourh,triage_chief_palpitations,int64,139,0,0.0,2,,,0.050359712230215826,0.2194770136587298,0.0,0.0,0.0,0.0,1.0
fourh,note_arousal_density,float64,139,0,0.0,8,,,0.012281423612358861,0.03782346588838753,0.0,0.0,0.0,0.0,0.1428571428571428
fourh,note_perceptual_density,float64,139,0,0.0,5,,,0.017694822470197213,0.04036449897128342,0.0,0.0,0.0,0.0,0.1176470588235294
fourh,triage_ag_above_20,int64,139,0,0.0,2,,,0.014388489208633094,0.11951662978045266,0.0,0.0,0.0,0.0,1.0
fourh,triage_ag_below_12,int64,139,0,0.0,2,,,0.5323741007194245,0.5007553464572555,0.0,0.0,1.0,1.0,1.0
fourh,triage_ph_above_735,int64,139,0,0.0,2,,,0.5539568345323741,0.4988778984316006,0.0,0.0,1.0,1.0,1.0
fourh,triage_hr_above_120,int64,139,0,0.0,2,,,0.2805755395683453,0.45090532086332585,0.0,0.0,0.0,1.0,1.0
fourh,triage_temp_above_38,int64,139,0,0.0,2,,,0.2733812949640288,0.447306842706038,0.0,0.0,0.0,1.0,1.0
fourh,triage_glucose_above_140,int64,139,0,0.0,2,,,0.11510791366906475,0.3203063906986985,0.0,0.0,0.0,0.0,1.0
fourh,triage_sympathomimetic_combo,int64,139,0,0.0,2,,,0.30935251798561153,0.46389842815228904,0.0,0.0,0.0,1.0,1.0
fourh,cand_shock_index,float64,139,0,0.0,139,,,0.9228546759468523,0.25891823359034377,0.4630508474576271,0.7190550133096716,0.8875838926174496,1.085310915267589,1.6292004634994206
fourh,cand_mod_shock_index,float64,139,0,0.0,139,,,1.2197124782242605,0.3071208973595161,0.6641815235008104,0.9723820460651236,1.1774580335731415,1.413598598943532,1.9047013977128333
fourh,cand_pulse_pressure,float64,139,0,0.0,127,,,44.19280575539568,17.18605619617071,-3.200000000000003,33.1,43.10000000000001,53.150000000000006,91.8
fourh,cand_map,float64,139,0,0.0,129,,,87.41582733812949,7.608380974008611,69.03333333333333,82.91666666666666,87.1,91.36666666666666,110.8
fourh,cand_shock_index_age,float64,139,0,0.0,139,,,33.00699326605888,15.511939860822942,8.090452261306531,22.26777065189711,30.34627492130116,42.0235846722469,83.01507537688443
fourh,cand_rate_pressure_product,float64,139,0,0.0,139,,,12256.94223021583,2960.9801964429953,7680.0,10084.475,11744.05,14125.544999999998,22951.3
fourh,cand_hr_temp_product,float64,139,0,0.0,139,,,3976.421035971223,939.0468890785526,2423.724,3253.2075000000004,3807.089,4667.275,6301.469999999999
fourh,cand_k_extreme,int64,139,0,0.0,2,,,0.09352517985611511,0.2922200464047611,0.0,0.0,0.0,0.0,1.0
fourh,cand_na_extreme,int64,139,0,0.0,2,,,0.17266187050359713,0.3793216209054408,0.0,0.0,0.0,0.0,1.0
fourh,cand_glucose_extreme,int64,139,0,0.0,1,,,0.0,0.0,0.0,0.0,0.0,0.0,0.0
fourh,cand_high_anion_gap,int64,139,0,0.0,2,,,0.4676258992805755,0.5007553464572555,0.0,0.0,0.0,1.0,1.0
fourh,cand_acidosis,int64,139,0,0.0,2,,,0.4460431654676259,0.4988778984316006,0.0,0.0,0.0,1.0,1.0
fourh,cand_alkalosis,int64,139,0,0.0,2,,,0.014388489208633094,0.11951662978045265,0.0,0.0,0.0,0.0,1.0
fourh,cand_poc_abn_count,int64,139,0,0.0,5,,,1.1942446043165467,1.0206398805759673,0.0,0.0,1.0,2.0,4.0
fourh,cand_news_hr,int64,139,0,0.0,4,,,1.2517985611510791,1.097385068293649,0.0,0.0,1.0,2.0,3.0
fourh,cand_news_rr,int64,139,0,0.0,4,,,1.6258992805755397,1.2981222854735055,0.0,0.0,2.0,3.0,3.0
fourh,cand_news_sbp,int64,139,0,0.0,4,,,0.48201438848920863,0.7834568325613882,0.0,0.0,0.0,1.0,3.0
fourh,cand_news_spo2,int64,139,0,0.0,4,,,0.60431654676259,0.8131055606102047,0.0,0.0,0.0,1.0,3.0
fourh,cand_news_temp,int64,139,0,0.0,3,,,0.48201438848920863,0.8710523203109025,0.0,0.0,0.0,0.0,3.0
fourh,cand_news_gcs,int64,139,0,0.0,4,,,1.920863309352518,1.0360512283892818,0.0,1.0,2.0,3.0,3.0
fourh,cand_news_total,int64,139,0,0.0,16,,,6.366906474820144,4.426769497821389,0.0,3.0,6.0,10.0,16.0
fourh,cand_news_high_risk,int64,139,0,0.0,2,,,0.5611510791366906,0.4980412053506094,0.0,0.0,1.0,1.0,1.0
fourh,cand_onset_x_news,float64,109,30,0.2158273381294964,98,,,0.0752152461527522,0.08002638839797635,0.0,0.025,0.0518134715025906,0.0927152317880794,0.4285714285714285
fourh,cand_onset_x_hr,float64,109,30,0.2158273381294964,109,,,1.1577252845527628,0.9339664464280653,0.3165137614678899,0.529891304347826,0.7823529411764706,1.3879518072289156,4.839285714285714
fourh,cand_log_onset,float64,109,30,0.2158273381294964,88,,,4.7919268143386216,0.6120458792364561,3.367295829986474,4.31748811353631,4.948759890378168,5.308267697401205,5.673323267171493
fourh,cand_is_fast_onset,int64,139,0,0.0,2,,,0.1223021582733813,0.32881940011784405,0.0,0.0,0.0,0.0,1.0
fourh,cand_is_slow_onset,int64,139,0,0.0,2,,,0.2589928057553957,0.43966603756208983,0.0,0.0,0.0,1.0,1.0
fourh,cand_pmh_count,int64,139,0,0.0,5,,,0.8848920863309353,1.0500458008689084,0.0,0.0,1.0,1.5,4.0
fourh,cand_sympathetic_score,int64,139,0,0.0,5,,,1.39568345323741,1.2372169858543567,0.0,0.0,1.0,3.0,4.0
fourh,cand_cns_depression_score,int64,139,0,0.0,3,,,0.8633093525179856,0.6615905170898392,0.0,0.0,1.0,1.0,2.0
