column,phase1_n,phase2_n,phase1_mean,phase2_mean,delta_mean,phase1_median,phase2_median,cohen_d,table
arrival_day_of_festival,261,139,2.3563218390804597,360.50359712230215,358.1472752832217,3.0,361.0,256.39031899391875,triage
triage_gcs,261,139,12.78544061302682,12.29496402877698,-0.49047658424984064,13.0,12.0,-0.2914867585635361,triage
triage_supplemental_oxygen,261,139,0.23754789272030652,0.3669064748201439,0.12935858209983736,0.0,0.0,0.2893276503494815,triage
note_location_other,261,139,0.1839080459770115,0.2949640287769784,0.11105598279996692,0.0,0.0,0.2685203887056644,triage
cand_news_gcs,261,139,1.6896551724137931,1.920863309352518,0.23120813693872488,2.0,2.0,0.23121058692171015,triage
triage_snapshot.systolic_bp,261,139,120.39885057471264,116.8776978417266,-3.521152732986039,119.7,117.0,-0.22649787002825575,triage
triage_chief_palpitations,261,139,0.11494252873563218,0.050359712230215826,-0.06458281650541636,0.0,0.0,-0.22361177421772727,triage
cand_map,261,139,89.07803320561942,87.41582733812949,-1.6622058674899307,89.2,87.1,-0.2145146136024551,triage
cand_shock_index,261,139,0.8711401944650446,0.9228546759468523,0.051714481481807684,0.8177121771217712,0.8875838926174496,0.2061340031755809,triage
cand_mod_shock_index,261,139,1.168024357787227,1.2197124782242605,0.051688120437033636,1.1083686849209409,1.1774580335731415,0.16757757364342918,triage
cand_pulse_pressure,261,139,46.98122605363985,44.19280575539568,-2.7884202982441693,47.6,43.10000000000001,-0.15871937863637098,triage
cand_news_hr,261,139,1.0881226053639848,1.2517985611510791,0.16367595578709437,1.0,1.0,0.1533912290387915,triage
cand_news_total,261,139,5.7011494252873565,6.366906474820144,0.6657570495327878,4.0,6.0,0.15095913871924066,triage
triage_hr_above_120,261,139,0.21839080459770116,0.2805755395683453,0.06218473497064414,0.0,0.0,0.14558923509351157,triage
cand_news_sbp,261,139,0.3793103448275862,0.48201438848920863,0.10270404366162245,0.0,0.0,0.13564871697088482,triage
cand_k_extreme,261,139,0.13793103448275862,0.09352517985611511,-0.04440585462664351,0.0,0.0,-0.1353833499249344,triage
cand_news_high_risk,261,139,0.4942528735632184,0.5611510791366906,0.0668982055734722,0.0,1.0,0.1338155130692445,triage
cand_onset_x_hr,200,109,1.3294721308835777,1.1577252845527628,-0.17174684633081494,0.837099927961305,0.7823529411764706,-0.13114225937417262,triage
cand_onset_x_news,200,109,0.09058956293604384,0.0752152461527522,-0.015374316783291639,0.041804997378997,0.0518134715025906,-0.1304770083603119,triage
triage_mh_substance_use,261,139,0.24904214559386972,0.19424460431654678,-0.05479754127732295,0.0,0.0,-0.13013669164327438,triage
cand_acidosis,261,139,0.3831417624521073,0.4460431654676259,0.06290140301551861,0.0,0.0,0.12805478441956933,triage
triage_ph_above_735,261,139,0.6168582375478927,0.5539568345323741,-0.06290140301551861,1.0,1.0,-0.12805478441956933,triage
triage_mh_pulm,261,139,0.20689655172413793,0.15827338129496402,-0.04862317042917391,0.0,0.0,-0.12384919832475556,triage
triage_ag_above_20,261,139,0.034482758620689655,0.014388489208633094,-0.02009426941205656,0.0,0.0,-0.12277707031016427,triage
note_location_main_stage,261,139,0.24521072796934865,0.19424460431654678,-0.05096612365280187,0.0,0.0,-0.12147367093275925,triage
triage_glucose_above_140,261,139,0.15708812260536398,0.11510791366906475,-0.041980208936299224,0.0,0.0,-0.11998941062328788,triage
triage_heart_rate,261,139,102.79578544061303,105.45611510791367,2.660329667300644,98.7,101.3,0.11352029830968892,triage
cand_hr_temp_product,261,139,3873.83714559387,3976.421035971223,102.58389037735287,3667.665,3807.089,0.10872205951130648,triage
note_word_count,261,139,13.28352490421456,13.568345323741006,0.2848204195264472,13.0,14.0,0.10837168323596262,triage
cand_log_onset,200,109,4.724007576670256,4.7919268143386216,0.06791923766836572,4.844156085435547,4.948759890378168,0.10442974157858459,triage
triage_lab_ph,261,139,7.363015325670498,7.357568345323741,-0.005446980346757613,7.37,7.357,-0.10306577481756854,triage
triage_esi,261,139,3.5440613026819925,3.41726618705036,-0.1267951156316327,4.0,4.0,-0.1010576082379894,triage
triage_lab_hemoglobin,261,139,13.891187739463602,13.746043165467624,-0.14514457399597802,13.9,13.7,-0.0946679611877907,triage
triage_ag_below_12,261,139,0.578544061302682,0.5323741007194245,-0.04616996058325751,1.0,1.0,-0.09292822902449642,triage
cand_high_anion_gap,261,139,0.421455938697318,0.4676258992805755,0.04616996058325751,0.0,0.0,0.09292822902449642,triage
triage_lab_sodium,261,139,137.79540229885058,138.0769784172662,0.2815761184156145,137.7,137.7,0.09271294602573266,triage
triage_snapshot.oxygen_saturation,261,139,95.45134099616858,95.25179856115108,-0.19954243501750568,95.9,95.4,-0.08767095537095254,triage
triage_snapshot.diastolic_bp,261,139,73.4176245210728,72.68489208633095,-0.7327324347418482,73.0,73.7,-0.086291068994435,triage
cand_cns_depression_score,261,139,0.8045977011494253,0.8633093525179856,0.05871165136856027,1.0,1.0,0.08601361753114861,triage
note_onset_minutes,200,109,134.47,140.651376146789,6.181376146789006,126.0,140.0,0.08559728156863293,triage
note_onset_bucket_slow,261,139,0.22988505747126436,0.26618705035971224,0.036301992888447876,0.0,0.0,0.0845567601182583,triage
note_location_medical_tent,261,139,0.13409961685823754,0.1079136690647482,-0.026185947793489345,0.0,0.0,-0.07903686478450471,triage
cand_news_rr,261,139,1.524904214559387,1.6258992805755397,0.10099506601615271,2.0,2.0,0.07740050880070708,triage
triage_lab_glucose,261,139,112.30229885057472,114.04748201438849,1.7451831638137776,110.6,112.1,0.07485074832160614,triage
triage_sympathomimetic_combo,261,139,0.27586206896551724,0.30935251798561153,0.03349044902009429,0.0,0.0,0.07385687236157208,triage
note_is_festival_template,261,139,0.6934865900383141,0.7266187050359713,0.033132114997657114,1.0,1.0,0.07251288293805289,triage
festival_note_keyword_hit,261,139,0.6934865900383141,0.7266187050359713,0.033132114997657114,1.0,1.0,0.07251288293805289,triage
note_location_none,261,139,0.3065134099616858,0.2733812949640288,-0.033132114997657,0.0,0.0,-0.07251288293805264,triage
triage_lab_anion_gap,261,139,11.659003831417625,11.929496402877696,0.2704925714600712,11.0,11.6,0.06983210693634775,triage
triage_mh_psych,261,139,0.19540229885057472,0.22302158273381295,0.027619283883238227,0.0,0.0,0.06828008305802193,triage
triage_mh_cardiac,261,139,0.21455938697318008,0.18705035971223022,-0.027509027260949864,0.0,0.0,-0.06800722001770729,triage
cand_sympathetic_score,261,139,1.3103448275862069,1.39568345323741,0.0853386256512032,1.0,1.0,0.066517137792969,triage
note_char_len,261,139,91.98084291187739,93.20143884892086,1.2205959370434698,96.0,98.0,0.06499694061592061,triage
is_festival_patient,261,139,0.7011494252873564,0.7266187050359713,0.025469279748614904,1.0,1.0,0.05600866301133006,triage
triage_temp_above_38,261,139,0.24904214559386972,0.2733812949640288,0.024339149370159074,0.0,0.0,0.05554343050575576,triage
note_arousal_density,261,139,0.014377441355128978,0.012281423612358861,-0.0020960177427701166,0.0,0.0,-0.05118452995360864,triage
cand_shock_index_age,261,139,32.23420859577251,33.00699326605888,0.7727846702863701,29.693181818181817,30.34627492130116,0.04851755043183169,triage
cand_news_temp,261,139,0.44061302681992337,0.48201438848920863,0.041401361669285264,0.0,0.0,0.048249937579081845,triage
triage_temperature_c,261,139,37.56379310344828,37.59345323741007,0.029660133961783686,37.4,37.5,0.04603238821237957,triage
note_onset_bucket_fast,261,139,0.13793103448275862,0.1223021582733813,-0.01562887620937732,0.0,0.0,-0.04599400910758979,triage
note_onset_bucket_unknown,261,139,0.23371647509578544,0.2158273381294964,-0.01788913696628905,0.0,0.0,-0.04257460834299977,triage
note_has_onset_phrase,261,139,0.7662835249042146,0.7841726618705036,0.01788913696628902,1.0,1.0,0.042574608342999705,triage
triage_pain_scale,261,139,5.199233716475096,5.294964028776978,0.09573031230188267,5.0,5.0,0.035218998268749434,triage
cand_rate_pressure_product,261,139,12369.261149425289,12256.94223021583,-112.31891920945964,11637.44,11744.05,-0.035026008308089496,triage
triage_mh_renal,261,139,0.1111111111111111,0.1223021582733813,0.011191047162270193,0.0,0.0,0.03499631426004613,triage
triage_age,261,139,36.88505747126437,36.410071942446045,-0.4749855288183227,38.0,33.0,-0.03226052515057638,triage
cand_poc_abn_count,261,139,1.160919540229885,1.1942446043165467,0.03332506408666158,1.0,1.0,0.0308975146145549,triage
triage_lab_potassium,261,139,4.390842911877394,4.4048201438848915,0.013977232007497342,4.37,4.41,0.029937687016087525,triage
cand_news_spo2,261,139,0.578544061302682,0.60431654676259,0.025772485459907957,0.0,0.0,0.02974071498899747,triage
arrival_dow,261,139,2.4559386973180075,2.5035971223021583,0.04765842498415074,2.0,3.0,0.02844193294496811,triage
cand_na_extreme,261,139,0.1685823754789272,0.17266187050359713,0.004079495024669921,0.0,0.0,0.010833286997020726,triage
note_onset_bucket_medium,261,139,0.39846743295019155,0.39568345323741005,-0.0027839797127814925,0.0,0.0,-0.005674558895530975,triage
note_perceptual_density,261,139,0.017510761632766676,0.017694822470197213,0.0001840608374305379,0.0,0.0,0.00462063495155659,triage
triage_respiratory_rate,261,139,23.08390804597701,23.102158273381296,0.018250227404283947,21.7,22.6,0.0025394338336836957,triage
note_location_campground,261,139,0.13026819923371646,0.12949640287769784,-0.0007717963560186225,0.0,0.0,-0.0022891972787637866,triage
triage_chief_agitation,261,139,0.10727969348659004,0.1079136690647482,0.0006339755781581552,0.0,0.0,0.002041624790653894,triage
arrival_day_of_festival,261,139,2.3563218390804597,360.50359712230215,358.1472752832217,3.0,361.0,256.39031899391875,fourh
supp_o2_weaned,261,139,0.13409961685823754,0.2589928057553957,0.12489318889715814,0.0,0.0,0.33007186188335613,fourh
abs_diff_supp_o2,261,139,0.1532567049808429,0.2805755395683453,0.1273188345875024,0.0,0.0,0.32277000423663954,fourh
lts_serum_osm_pct_change,214,117,-0.007506655936247572,-0.000474716721588689,0.007031939214658883,0.0,0.0,0.3012643283237854,fourh
diff_supp_o2,261,139,-0.11494252873563218,-0.23741007194244604,-0.12246754320681386,0.0,0.0,-0.2969019649815481,fourh
direction_supp_o2,261,139,-0.11494252873563218,-0.23741007194244604,-0.12246754320681386,0.0,0.0,-0.2969019649815481,fourh
lts_serum_osm_delta,214,117,-2.2677570093457957,-0.25299145299145076,2.014765556354345,0.0,0.0,0.2939122830433831,fourh
peak_cpk_1000plus,261,139,0.09578544061302682,0.02158273381294964,-0.07420270680007718,0.0,0.0,-0.29291769101300796,fourh
n_vitals_worsening,261,139,1.681992337164751,1.39568345323741,-0.2863088839273409,2.0,1.0,-0.292303537862867,fourh
triage_gcs,261,139,12.78544061302682,12.29496402877698,-0.49047658424984064,13.0,12.0,-0.2914867585635361,fourh
triage_supplemental_oxygen,261,139,0.23754789272030652,0.3669064748201439,0.12935858209983736,0.0,0.0,0.2893276503494815,fourh
narrative_notes_structured_ekg_abnormal,261,139,0.1417624521072797,0.2517985611510791,0.11003610904379943,0.0,0.0,0.28839028164781927,fourh
note_location_other,261,139,0.1839080459770115,0.2949640287769784,0.11105598279996692,0.0,0.0,0.2685203887056644,fourh
pe_slow_responses,261,139,0.10727969348659004,0.19424460431654678,0.08696491082995673,0.0,0.0,0.2537391722331024,fourh
pct_change_gcs,261,139,0.06989485610175265,0.09918540691921986,0.029290550817467204,0.0769230769230769,0.0769230769230769,0.24708278263108527,fourh
itv_fluid_count,261,139,0.578544061302682,0.697841726618705,0.11929766531602304,1.0,1.0,0.24685995992944051,fourh
ed_course_reassessment_4h.ivf_count_0_4h,261,139,0.578544061302682,0.697841726618705,0.11929766531602304,1.0,1.0,0.24685995992944051,fourh
cand_news_gcs,261,139,1.6896551724137931,1.920863309352518,0.23120813693872488,2.0,2.0,0.23121058692171015,fourh
itv_n_total,261,139,1.8007662835249043,2.064748201438849,0.26398191791394465,2.0,2.0,0.22788821361165904,fourh
triage_snapshot.systolic_bp,261,139,120.39885057471264,116.8776978417266,-3.521152732986039,119.7,117.0,-0.22649787002825575,fourh
triage_chief_palpitations,261,139,0.11494252873563218,0.050359712230215826,-0.06458281650541636,0.0,0.0,-0.22361177421772727,fourh
vts_diastolic_bp_recovery_halftime,261,139,39.264367816091955,30.633093525179856,-8.6312742909121,29.0,23.0,-0.21928132553480603,fourh
vts_systolic_bp_peak_minute,261,139,133.04980842911877,149.62589928057554,16.57609085145677,139.0,157.0,0.21913325844515846,fourh
pct_change_spo2,261,139,0.00594378556019888,0.009900442500704945,0.003956656940506065,0.0041797283176592,0.0084566596194504,0.21736282312206567,fourh
diff_spo2,261,139,0.5436781609195401,0.9165467625899287,0.3728686016703886,0.3999999999999915,0.8000000000000114,0.2168917831027285,fourh
cand_map,261,139,89.07803320561942,87.41582733812949,-1.6622058674899307,89.2,87.1,-0.2145146136024551,fourh
lts_serum_osm_last_value,214,117,289.1584112149533,290.68547008547006,1.5270588705167825,288.85,289.7,0.21446242508052454,fourh
narrative_notes_structured_ct_abd_pelvis_abnormal,261,139,0.011494252873563218,0.04316546762589928,0.031671214752336065,0.0,0.0,0.21413312031163834,fourh
vts_oxygen_saturation_slope,261,139,0.0016211874984846065,0.0028677599348925515,0.001246572436407945,0.0014068396249199,0.0026712919410472,0.20800959518901102,fourh
lts_poct_glucose_delta,214,117,-5.953271028037383,-2.196581196581196,3.756689831456187,0.0,0.0,0.20741958542328132,fourh
itv_time_to_first_fluid,261,139,68.7816091954023,84.59712230215827,15.815513106755972,48.0,69.0,0.20704026549490814,fourh
abs_diff_gcs,261,139,1.1762452107279693,1.3741007194244603,0.19785550869649104,1.0,1.0,0.20676497420463352,fourh
cand_shock_index,261,139,0.8711401944650446,0.9228546759468523,0.051714481481807684,0.8177121771217712,0.8875838926174496,0.2061340031755809,fourh
vts_systolic_bp_accel_sign,261,139,0.10344827586206896,-0.09352517985611511,-0.1969734557181841,1.0,-1.0,-0.19747246373609703,fourh
mdm_word_count_4h,261,139,43.172413793103445,44.02158273381295,0.8491689407095038,42.0,43.0,0.19743880812912162,fourh
kraken_severity_anchor,261,139,0.13409961685823754,0.07194244604316546,-0.06215717081507208,0.0,0.0,-0.1970860979853517,fourh
xmod_hr_crit_to_benzo_min,34,19,75.02941176470588,93.47368421052632,18.44427244582043,61.5,89.0,0.19197764718075885,fourh
lts_cpk_pct_change,214,117,0.05305091426104536,-0.06539842348498003,-0.11844933774602538,0.0,0.0,-0.1896647397660971,fourh
abs_diff_spo2,261,139,1.377394636015326,1.5942446043165481,0.21684996830122216,1.0999999999999943,1.4000000000000057,0.1893987688884736,fourh
vts_gcs_last,261,139,13.578544061302683,13.323741007194245,-0.2548030541084376,14.0,14.0,-0.18635404747334017,fourh
ed_course_reassessment_4h.gcs_4h,261,139,13.578544061302683,13.323741007194245,-0.2548030541084376,14.0,14.0,-0.18635404747334017,fourh
lts_serum_osm_max_minute,214,117,103.73831775700934,121.02564102564102,17.28732326863168,120.0,120.0,0.18474072576299183,fourh
diff_gcs,261,139,0.7931034482758621,1.0287769784172662,0.23567353014140413,1.0,1.0,0.1807383240300337,fourh
ed_course_reassessment_4h.delta_gcs,261,139,0.7931034482758621,1.0287769784172662,0.23567353014140413,1.0,1.0,0.1807383240300337,fourh
vts_gcs_min,261,139,12.367816091954023,12.122302158273381,-0.24551393368064112,13.0,12.0,-0.1763269157849635,fourh
vts_gcs_nadir_value,261,139,12.367816091954023,12.122302158273381,-0.24551393368064112,13.0,12.0,-0.1763269157849635,fourh
vts_gcs_n_critical,261,139,1.7624521072796935,2.223021582733813,0.4605694754541194,0.0,1.0,0.17549056874100835,fourh
vts_gcs_peak_value,261,139,14.375478927203066,14.201438848920864,-0.1740400782822018,15.0,15.0,-0.17457542067290044,fourh
vts_gcs_max,261,139,14.375478927203066,14.201438848920864,-0.1740400782822018,15.0,15.0,-0.17457542067290044,fourh
vts_oxygen_saturation_n_critical,261,139,0.1417624521072797,0.050359712230215826,-0.09140273987706388,0.0,0.0,-0.1735448563456852,fourh
ed_course_reassessment_4h.positive_pressure_0_4h,261,139,0.09578544061302682,0.1510791366906475,0.05529369607762066,0.0,0.0,0.1734805434831048,fourh
direction_hr,261,139,-0.47126436781609193,-0.6187050359712231,-0.14744066815513113,-1.0,-1.0,-0.17337797596921198,fourh
peak_hr_150plus,261,139,0.05747126436781609,0.02158273381294964,-0.035888530554866446,0.0,0.0,-0.17327661970771477,fourh
direction_spo2,261,139,0.2260536398467433,0.38848920863309355,0.16243556878635027,1.0,1.0,0.17158550644515946,fourh
lts_poct_glucose_pct_change,214,117,-0.03721191320145991,-0.011558514888548093,0.025653398312911815,0.0,0.0,0.17148368421334076,fourh
vts_gcs_slope_first60,261,139,-0.00116197333947501,-0.005434069376339697,-0.004272096036864687,0.0,0.0,-0.17007542801175274,fourh
lts_bmp_sodium_delta,214,117,-0.12570093457943954,0.36239316239316344,0.488094096972603,0.0,0.0,0.16781614096811087,fourh
lts_troponin_pct_change,214,117,663551.2821677034,94017.11480582002,-569534.1673618833,0.0,0.0,-0.1677196169742314,fourh
cand_mod_shock_index,261,139,1.168024357787227,1.2197124782242605,0.051688120437033636,1.1083686849209409,1.1774580335731415,0.16757757364342918,fourh
peak_troponin_015plus,261,139,0.09578544061302682,0.050359712230215826,-0.045425728382811,0.0,0.0,-0.16755576439354045,fourh
lts_bmp_sodium_max_minute,214,117,112.71028037383178,129.23076923076923,16.520488856937448,120.0,120.0,0.16740061532775682,fourh
vts_diastolic_bp_slope_first60,261,139,-0.02141192365987459,0.01320978410045416,0.034621707760328746,0.0,0.0,0.16667399110957534,fourh
lts_bmp_sodium_pct_change,214,117,-0.0006792053028778246,0.0028125136638839894,0.0034917189667618143,0.0,0.0,0.16661415423925666,fourh
vts_gcs_last30_mean,261,139,13.559386973180077,13.338729016786571,-0.22065795639350583,14.0,13.666666666666666,-0.1662096281107495,fourh
pct_change_hr,261,139,-0.07989656178802378,-0.10506786971343966,-0.025171307925415887,-0.0814360770577933,-0.1002570694087403,-0.16467340516680792,fourh
vts_gcs_mean,261,139,13.458941494861037,13.26376042023524,-0.19518107462579692,13.875,13.571428571428571,-0.16303112502736114,fourh
lts_bmp_sodium_first_value,214,117,139.17242990654205,138.73846153846154,-0.43396836808051376,139.3,139.0,-0.16280743897501476,fourh
abs_diff_dbp,261,139,8.235249042145595,9.320863309352518,1.085614267206923,6.799999999999997,7.400000000000006,0.1620471042258801,fourh
itv_benzo_count,261,139,0.5095785440613027,0.5899280575539568,0.08034951349265418,1.0,1.0,0.16122491650916518,fourh
ed_course_reassessment_4h.benzodiazepine_count_0_4h,261,139,0.5095785440613027,0.5899280575539568,0.08034951349265418,1.0,1.0,0.16122491650916518,fourh
stab_max_consecutive_critical_min,261,139,64.6015325670498,77.61870503597122,13.017172468921416,23.0,43.0,0.1603938179057803,fourh
cand_pulse_pressure,261,139,46.98122605363985,44.19280575539568,-2.7884202982441693,47.6,43.10000000000001,-0.15871937863637098,fourh
pe_intermittent_disorientation,261,139,0.08812260536398467,0.1366906474820144,0.04856804211802973,0.0,0.0,0.15848763555898357,fourh
vts_respiratory_rate_recovery_halftime,261,139,36.839080459770116,30.884892086330936,-5.95418837343918,26.0,21.0,-0.157459095834561,fourh
vts_diastolic_bp_peak_minute,261,139,124.65517241379311,137.0071942446043,12.352021830811196,128.0,143.0,0.1569853271113614,fourh
vts_respiratory_rate_peak_minute,261,139,95.84291187739464,108.53956834532374,12.696656467929103,76.0,100.0,0.1564386127185554,fourh
lts_cbc_wbc_max_minute,214,117,104.29906542056075,118.97435897435898,14.675293553798227,120.0,120.0,0.15633330768890502,fourh
lts_vbg_ph_max_minute,214,117,130.65420560747663,145.64102564102564,14.986820033549009,120.0,120.0,0.1552264596264262,fourh
pe_dry_mucosa,261,139,0.4061302681992337,0.33093525179856115,-0.07519501640067255,0.0,0.0,-0.1549522341419862,fourh
pe_fatigued_appearance,261,139,0.3065134099616858,0.23741007194244604,-0.06910333801923976,0.0,0.0,-0.15351593738141903,fourh
cand_news_hr,261,139,1.0881226053639848,1.2517985611510791,0.16367595578709437,1.0,1.0,0.1533912290387915,fourh
vts_systolic_bp_nadir_minute,261,139,106.93486590038314,119.29496402877697,12.36009812839383,95.0,107.0,0.15241236746873021,fourh
cand_news_total,261,139,5.7011494252873565,6.366906474820144,0.6657570495327878,4.0,6.0,0.15095913871924066,fourh
vts_temperature_c_cv,261,139,0.005305798652188377,0.005541774844066358,0.0002359761918779811,0.0052098651284146,0.0053865606837917,0.1508595553456792,fourh
ed_course_reassessment_4h.systolic_bp_4h,261,139,125.56666666666668,123.93165467625899,-1.6350119904076905,124.7,124.8,-0.1492194083765216,fourh
vts_systolic_bp_last,261,139,125.56666666666668,123.93165467625899,-1.6350119904076905,124.7,124.8,-0.1492194083765216,fourh
vts_temperature_c_recovery_halftime,261,139,31.946360153256705,37.79136690647482,5.845006753218115,19.0,21.0,0.14780397359481126,fourh
lts_crp_pct_change,214,117,2.0554633393236,0.8074810545666575,-1.2479822847569424,0.0,0.0,-0.14760805368486155,fourh
narrative_notes_structured_ct_head_abnormal,261,139,0.034482758620689655,0.06474820143884892,0.030265442818159266,0.0,0.0,0.1459831192576376,fourh
triage_hr_above_120,261,139,0.21839080459770116,0.2805755395683453,0.06218473497064414,0.0,0.0,0.14558923509351157,fourh
vts_end_tidal_co2_recovery_halftime,261,139,36.69731800766284,30.913669064748202,-5.783648942914635,24.0,23.0,-0.1450974811796192,fourh
ed_course_reassessment_4h.lactate_4h,133,75,2.7475187969924817,2.5856,-0.1619187969924818,2.52,2.42,-0.143496856995193,fourh
pe_tachypneic_effort,261,139,0.08045977011494253,0.1223021582733813,0.04184238815843877,0.0,0.0,0.14267467318952298,fourh
diff_hr,261,139,-9.814942528735632,-12.173381294964027,-2.358438766228396,-8.0,-11.299999999999995,-0.14126943408171713,fourh
ed_course_reassessment_4h.delta_hr,261,139,-9.814942528735632,-12.173381294964027,-2.358438766228396,-8.0,-11.3,-0.14126943408171713,fourh
itv_intubation_after_benzo,261,139,0.038314176245210725,0.014388489208633094,-0.02392568703657763,0.0,0.0,-0.1402168439547041,fourh
vts_n_records,261,139,7.471264367816092,7.316546762589928,-0.15471760522616407,8.0,7.0,-0.1392815087625977,fourh
vts_systolic_bp_recovery_halftime,261,139,30.39463601532567,25.62589928057554,-4.7687367347501315,18.0,15.0,-0.13738413537639005,fourh
abs_diff_sbp,261,139,15.070498084291186,16.641007194244605,1.5705091099534183,11.999999999999986,14.099999999999994,0.13569837412458557,fourh
cand_news_sbp,261,139,0.3793103448275862,0.48201438848920863,0.10270404366162245,0.0,0.0,0.13564871697088482,fourh
cand_k_extreme,261,139,0.13793103448275862,0.09352517985611511,-0.04440585462664351,0.0,0.0,-0.1353833499249344,fourh
vts_systolic_bp_max,261,139,137.6375478927203,138.63597122302158,0.9984233303012786,137.6,138.5,0.13496334456679257,fourh
vts_systolic_bp_peak_value,261,139,137.6375478927203,138.63597122302158,0.9984233303012786,137.6,138.5,0.13496334456679257,fourh
cand_news_high_risk,261,139,0.4942528735632184,0.5611510791366906,0.0668982055734722,0.0,1.0,0.1338155130692445,fourh
cand_onset_x_hr,200,109,1.3294721308835777,1.1577252845527628,-0.17174684633081494,0.837099927961305,0.7823529411764706,-0.13114225937417262,fourh
cand_onset_x_news,200,109,0.09058956293604384,0.0752152461527522,-0.015374316783291639,0.041804997378997,0.0518134715025906,-0.1304770083603119,fourh
triage_mh_substance_use,261,139,0.24904214559386972,0.19424460431654678,-0.05479754127732295,0.0,0.0,-0.13013669164327438,fourh
itv_time_to_first_benzo,261,139,58.47892720306513,68.12949640287769,9.650569199812558,13.0,43.0,0.1297306339234095,fourh
vts_heart_rate_n_critical,261,139,0.5057471264367817,0.35251798561151076,-0.1532291408252709,0.0,0.0,-0.1292972923446203,fourh
vts_temperature_c_slope_first60,261,139,0.000271251198161703,0.0011056740978252575,0.0008344228996635545,0.0,0.0,0.1291351723991595,fourh
lts_serum_osm_max_value,214,117,292.94813084112155,293.98119658119657,1.033065740075017,292.25,294.0,0.12884382476831885,fourh
ed_course_reassessment_4h.troponin_4h,133,75,0.062300751879699245,0.056106666666666666,-0.00619408521303258,0.046,0.048,-0.1285201202914727,fourh
pe_reduced_tracking,261,139,0.1532567049808429,0.2014388489208633,0.048182143940020405,0.0,0.0,0.1281875248851475,fourh
pe_distractible,261,139,0.0842911877394636,0.1223021582733813,0.03801097053391769,0.0,0.0,0.1280573614859893,fourh
cand_acidosis,261,139,0.3831417624521073,0.4460431654676259,0.06290140301551861,0.0,0.0,0.12805478441956933,fourh
triage_ph_above_735,261,139,0.6168582375478927,0.5539568345323741,-0.06290140301551861,1.0,1.0,-0.12805478441956933,fourh
pct_change_rr,261,139,-0.21230012349579036,-0.18532923520002365,0.026970888295766715,-0.2285714285714285,-0.2122448979591836,0.12729604970202865,fourh
lts_esr_pct_change,214,117,0.11952571048249097,0.0057869255484950255,-0.11373878493399595,0.0,0.0,-0.1264493020077608,fourh
vts_heart_rate_recovery_halftime,261,139,33.582375478927204,28.942446043165468,-4.639929435761736,23.0,18.0,-0.12435676357994892,fourh
lts_bmp_potassium_pct_change,214,117,-0.014890608013464956,-0.004265413571913071,0.010625194441551886,0.0,0.0,0.12409859418340194,fourh
triage_mh_pulm,261,139,0.20689655172413793,0.15827338129496402,-0.04862317042917391,0.0,0.0,-0.12384919832475556,fourh
lts_troponin_delta,214,117,-0.010266355140186909,-0.013589743589743589,-0.00332338844955668,0.0,0.0,-0.1230922781458193,fourh
triage_ag_above_20,261,139,0.034482758620689655,0.014388489208633094,-0.02009426941205656,0.0,0.0,-0.12277707031016427,fourh
vts_diastolic_bp_slope_60_240,261,139,-0.0013246404456308423,0.00671797112213249,0.008042611567763333,0.0001384376324336,0.0104240313758597,0.12253382918374937,fourh
note_location_main_stage,261,139,0.24521072796934865,0.19424460431654678,-0.05096612365280187,0.0,0.0,-0.12147367093275925,fourh
pe_tachycardic,261,139,0.26053639846743293,0.20863309352517986,-0.051903304942253065,0.0,0.0,-0.12099924095185914,fourh
direction_rr,261,139,-0.7203065134099617,-0.6330935251798561,0.08721298823010559,-1.0,-1.0,0.12096891728243983,fourh
vts_respiratory_rate_slope,261,139,-0.00727951120345873,-0.005538696440820542,0.001740814762638188,-0.0073041498935654,-0.0059177746985465,0.12084811042533927,fourh
triage_glucose_above_140,261,139,0.15708812260536398,0.11510791366906475,-0.041980208936299224,0.0,0.0,-0.11998941062328788,fourh
vts_oxygen_saturation_nadir_minute,261,139,107.81226053639847,98.20143884892086,-9.61082168747761,95.0,81.0,-0.11586747152298991,fourh
vts_end_tidal_co2_nadir_minute,261,139,134.5823754789272,143.42446043165467,8.842084952727475,146.0,148.0,0.11548913703444877,fourh
triage_heart_rate,261,139,102.79578544061303,105.45611510791367,2.660329667300644,98.7,101.3,0.11352029830968892,fourh
lts_bmp_potassium_delta,214,117,-0.07981308411214952,-0.039316239316239315,0.0404968447959102,0.0,0.0,0.11272473722407833,fourh
lts_poct_glucose_last_value,214,117,104.8607476635514,107.05299145299146,2.19224378944007,103.1,105.3,0.11252998014482414,fourh
vts_oxygen_saturation_slope_first60,261,139,-0.002004825256020283,0.0018484675501494667,0.00385329280616975,0.0,0.0,0.10941125381449958,fourh
vts_gcs_cv,261,139,0.05475739849941934,0.05694475554282849,0.002187357043409152,0.0520015808720881,0.0523782800878924,0.10892565648589964,fourh
cand_hr_temp_product,261,139,3873.83714559387,3976.421035971223,102.58389037735287,3667.665,3807.089,0.10872205951130648,fourh
note_word_count,261,139,13.28352490421456,13.568345323741006,0.2848204195264472,13.0,14.0,0.10837168323596262,fourh
itv_last_minute,261,139,128.90804597701148,136.5251798561151,7.617133879103619,144.0,159.0,0.10709056739098853,fourh
vts_heart_rate_accel_sign,261,139,0.0421455938697318,-0.06474820143884892,-0.10689379530858073,1.0,-1.0,-0.10676595862409632,fourh
itv_any,261,139,0.8888888888888888,0.920863309352518,0.031974420463629194,1.0,1.0,0.10645179739565798,fourh
arc_time_to_gcs_recovery_min,261,139,184.06896551724137,176.26618705035972,-7.802778466881648,201.0,200.0,-0.10548647551101438,fourh
vts_end_tidal_co2_accel_sign,261,139,0.11877394636015326,0.014388489208633094,-0.10438545715152017,1.0,1.0,-0.10500875425187757,fourh
cand_log_onset,200,109,4.724007576670256,4.7919268143386216,0.06791923766836572,4.844156085435547,4.948759890378168,0.10442974157858459,fourh
vts_systolic_bp_slope_first60,261,139,-0.016991227910340145,0.012048770283634226,0.02903999819397437,0.0,0.0,0.10387324721592564,fourh
triage_lab_ph,261,139,7.363015325670498,7.357568345323741,-0.005446980346757613,7.37,7.357,-0.10306577481756854,fourh
lts_crp_last_value,214,117,3.7753271028037387,3.4640170940170947,-0.31131000878664405,3.505,2.92,-0.10162928108360453,fourh
diff_sbp,261,139,5.167816091954022,7.053956834532372,1.88614074257835,6.099999999999994,7.800000000000011,0.10158910435670285,fourh
pct_change_sbp,261,139,0.06066629878027634,0.07736208136787108,0.016695782587594743,0.051418439716312,0.0677671589921808,0.10148497737643734,fourh
ed_course_reassessment_4h.temperature_c_4h,261,139,37.06429118773946,37.115539568345326,0.05124838060586967,36.96,37.09,0.10106130747260503,fourh
vts_temperature_c_last,261,139,37.06429118773946,37.115539568345326,0.05124838060586967,36.96,37.09,0.10106130747260503,fourh
triage_esi,261,139,3.5440613026819925,3.41726618705036,-0.1267951156316327,4.0,4.0,-0.1010576082379894,fourh
lts_bmp_potassium_first_value,214,117,4.193084112149532,4.14940170940171,-0.0436824027478222,4.205,4.12,-0.10102134995100591,fourh
lts_crp_max_minute,214,117,114.39252336448598,124.1025641025641,9.71004073807812,120.0,120.0,0.10094606986125552,fourh
vts_heart_rate_slope_first60,261,139,0.05532582017445258,0.023916888491579635,-0.03140893168287295,0.0,0.0,-0.10044895610658774,fourh
vts_respiratory_rate_time_to_first_critical,261,139,22.49808429118774,28.48201438848921,5.983930097301467,-1.0,-1.0,0.10038616573202466,fourh
direction_gcs,261,139,0.4521072796934866,0.5251798561151079,0.0730725764216213,1.0,1.0,0.09843817623417676,fourh
triage_lab_hemoglobin,261,139,13.891187739463602,13.746043165467624,-0.14514457399597802,13.9,13.7,-0.0946679611877907,fourh
ed_course_reassessment_4h.vbg_ph_4h,133,75,7.354368421052632,7.358493333333333,0.0041249122807007765,7.353,7.362,0.09466176756688827,fourh
vts_end_tidal_co2_slope_first60,261,139,0.009664815810829997,0.0012100135961277496,-0.008454802214702248,0.0,0.0,-0.09426496028074739,fourh
vts_temperature_c_range,261,139,0.6094636015325668,0.6274820143884889,0.018018412855922095,0.5900000000000034,0.6199999999999974,0.0932639479147513,fourh
vts_systolic_bp_last30_mean,261,139,125.05415070242657,124.11960431654676,-0.9345463858798126,124.26666666666668,124.45,-0.09305209721921816,fourh
lts_bmp_bicarb_last_value,214,117,22.235046728971966,22.0025641025641,-0.2324826264078652,22.4,21.8,-0.09299290629023174,fourh
triage_ag_below_12,261,139,0.578544061302682,0.5323741007194245,-0.04616996058325751,1.0,1.0,-0.09292822902449642,fourh
cand_high_anion_gap,261,139,0.421455938697318,0.4676258992805755,0.04616996058325751,0.0,0.0,0.09292822902449642,fourh
triage_lab_sodium,261,139,137.79540229885058,138.0769784172662,0.2815761184156145,137.7,137.7,0.09271294602573266,fourh
vts_oxygen_saturation_last,261,139,95.99501915708811,96.16834532374102,0.17332616665291312,96.4,96.3,0.09258612849554282,fourh
ed_course_reassessment_4h.oxygen_saturation_4h,261,139,95.99501915708811,96.16834532374102,0.17332616665291312,96.4,96.3,0.09258612849554282,fourh
vts_oxygen_saturation_cv,261,139,0.010608818540368404,0.010914990307891666,0.0003061717675232629,0.0099606247303715,0.0108457053144251,0.09099531399846898,fourh
lts_crp_first_value,214,117,4.040794392523365,3.7595726495726507,-0.2812217429507142,3.795,3.25,-0.09099246400019818,fourh
vts_diastolic_bp_slope,261,139,0.0034121806691403936,0.00639960571933205,0.002987425050191656,0.0050065831673474,0.0065390649859932,0.0905706325677075,fourh
lts_bmp_sodium_max_value,214,117,140.18831775700934,139.96324786324786,-0.22506989376148567,140.2,140.4,-0.09043341972488878,fourh
vts_systolic_bp_range,261,139,28.355555555555558,29.133093525179852,0.7775379696242943,27.50000000000001,28.39999999999999,0.08921173825645758,fourh
lts_cbc_wbc_delta,214,117,-0.45121495327102806,-0.23188034188034193,0.21933461139068613,0.0,0.0,0.08848877357262869,fourh
vts_gcs_range,261,139,2.007662835249042,2.079136690647482,0.07147385539843976,2.0,2.0,0.08841108876484852,fourh
lts_lft_ast_pct_change,214,117,0.0451759887537559,-0.007039397603383639,-0.052215386357139536,0.0,0.0,-0.08772998745816381,fourh
triage_snapshot.oxygen_saturation,261,139,95.45134099616858,95.25179856115108,-0.19954243501750568,95.9,95.4,-0.08767095537095254,fourh
triage_snapshot.diastolic_bp,261,139,73.4176245210728,72.68489208633095,-0.7327324347418482,73.0,73.7,-0.086291068994435,fourh
cand_cns_depression_score,261,139,0.8045977011494253,0.8633093525179856,0.05871165136856027,1.0,1.0,0.08601361753114861,fourh
note_onset_minutes,200,109,134.47,140.651376146789,6.181376146789006,126.0,140.0,0.08559728156863293,fourh
vts_systolic_bp_cv,261,139,0.07399848407011998,0.0758827453084006,0.0018842612382806156,0.0727656381460837,0.0740631558804507,0.08462308461933246,fourh
note_onset_bucket_slow,261,139,0.22988505747126436,0.26618705035971224,0.036301992888447876,0.0,0.0,0.0845567601182583,fourh
mdm_severity_tier_4h,261,139,2.4367816091954024,2.4964028776978417,0.05962126850243932,3.0,3.0,0.08432672072511392,fourh
pct_change_dbp,261,139,0.05537258711449052,0.06838654192873307,0.01301395481424255,0.0381303813038131,0.0490620490620491,0.08421236084740649,fourh
ed_course_reassessment_4h.cvc_0_4h,261,139,0.04597701149425287,0.06474820143884892,0.018771189944596048,0.0,0.0,0.0840200877011054,fourh
itv_time_to_first_intubation,261,139,10.114942528735632,6.884892086330935,-3.230050442404697,-1.0,-1.0,-0.08317714997215434,fourh
vts_end_tidal_co2_mean,261,139,38.00411725354254,38.279600605230094,0.275483351687555,37.4875,38.083333333333336,0.08296105463171032,fourh
pe_triton_combo,261,139,0.06513409961685823,0.08633093525179857,0.021196835634940334,0.0,0.0,0.08159918994167892,fourh
lts_cbc_wbc_pct_change,214,117,-0.006551353586401329,0.019977082110843876,0.026528435697245206,0.0,0.0,0.08150262795438554,fourh
arc_trajectory_class,261,139,0.05747126436781609,0.07913669064748201,0.021665426279665917,0.0,0.0,0.08129533620755645,fourh
lts_bmp_bicarb_delta,214,117,0.4570093457943926,0.26324786324786303,-0.19376148254652958,0.0,0.0,-0.08122803127881313,fourh
vts_end_tidal_co2_min,261,139,33.861302681992335,34.145323741007196,0.2840210590148615,33.4,33.9,0.08053016979771403,fourh
vts_end_tidal_co2_nadir_value,261,139,33.861302681992335,34.145323741007196,0.2840210590148615,33.4,33.9,0.08053016979771403,fourh
vts_end_tidal_co2_slope_60_240,261,139,-0.004142832154877676,-0.006356567387125129,-0.0022137352322474536,-0.0047234125438253,-0.0077712068009609,-0.08046490379041443,fourh
vts_end_tidal_co2_n_critical,261,139,0.18773946360153257,0.14388489208633093,-0.04385457151520164,0.0,0.0,-0.08022751768681702,fourh
stab_hr_oscillations,261,139,3.743295019157088,3.647482014388489,-0.095813004768599,4.0,4.0,-0.080095605802993,fourh
vts_diastolic_bp_range,261,139,19.781992337164752,19.296402877697844,-0.4855894594669081,19.8,18.90000000000001,-0.07956472410955664,fourh
vts_diastolic_bp_last30_mean,261,139,76.50791826309069,76.99484412470024,0.4869258616095493,76.44999999999999,77.5,0.07936478797627002,fourh
arc_steady_state_last60,261,139,0.7126436781609196,0.6762589928057554,-0.03638468535516415,1.0,1.0,-0.07925581359944428,fourh
note_location_medical_tent,261,139,0.13409961685823754,0.1079136690647482,-0.026185947793489345,0.0,0.0,-0.07903686478450471,fourh
itv_time_to_first_antipyretic,261,139,31.96551724137931,36.798561151079134,4.833043909699825,-1.0,-1.0,0.0784981694471402,fourh
cand_news_rr,261,139,1.524904214559387,1.6258992805755397,0.10099506601615271,2.0,2.0,0.07740050880070708,fourh
triage_lab_glucose,261,139,112.30229885057472,114.04748201438849,1.7451831638137776,110.6,112.1,0.07485074832160614,fourh
ed_course_reassessment_4h.cpk_4h,133,75,523.3954887218046,502.16133333333323,-21.234155388471322,465.3,461.0,-0.07428602320656297,fourh
vts_oxygen_saturation_range,261,139,3.1187739463601534,3.1935251798561155,0.07475123349596213,2.9000000000000057,3.1000000000000085,0.07416083904969278,fourh
triage_sympathomimetic_combo,261,139,0.27586206896551724,0.30935251798561153,0.03349044902009429,0.0,0.0,0.07385687236157208,fourh
lts_crp_last_minute,214,117,176.07476635514018,182.56410256410257,6.489336208962385,240.0,240.0,0.07383877401518346,fourh
lts_bmp_bicarb_last_minute,214,117,176.07476635514018,182.56410256410257,6.489336208962385,240.0,240.0,0.07383877401518346,fourh
lts_bmp_sodium_last_minute,214,117,176.07476635514018,182.56410256410257,6.489336208962385,240.0,240.0,0.07383877401518346,fourh
lts_cpk_last_minute,214,117,176.07476635514018,182.56410256410257,6.489336208962385,240.0,240.0,0.07383877401518346,fourh
lts_vbg_ph_last_minute,214,117,176.07476635514018,182.56410256410257,6.489336208962385,240.0,240.0,0.07383877401518346,fourh
lts_bmp_potassium_last_minute,214,117,176.07476635514018,182.56410256410257,6.489336208962385,240.0,240.0,0.07383877401518346,fourh
lts_poct_glucose_last_minute,214,117,176.07476635514018,182.56410256410257,6.489336208962385,240.0,240.0,0.07383877401518346,fourh
lts_troponin_last_minute,214,117,176.07476635514018,182.56410256410257,6.489336208962385,240.0,240.0,0.07383877401518346,fourh
lts_esr_last_minute,214,117,176.07476635514018,182.56410256410257,6.489336208962385,240.0,240.0,0.07383877401518346,fourh
lts_lft_ast_last_minute,214,117,176.07476635514018,182.56410256410257,6.489336208962385,240.0,240.0,0.07383877401518346,fourh
lts_serum_osm_last_minute,214,117,176.07476635514018,182.56410256410257,6.489336208962385,240.0,240.0,0.07383877401518346,fourh
lts_lactate_last_minute,214,117,176.07476635514018,182.56410256410257,6.489336208962385,240.0,240.0,0.07383877401518346,fourh
lts_cbc_wbc_last_minute,214,117,176.07476635514018,182.56410256410257,6.489336208962385,240.0,240.0,0.07383877401518346,fourh
diff_dbp,261,139,3.1409961685823755,3.907913669064749,0.7669175004823736,3.1000000000000085,3.5,0.0738326885407154,fourh
lts_poct_glucose_first_value,214,117,110.81401869158877,109.24957264957264,-1.5644460420161295,111.75,107.1,-0.07315877255445326,fourh
ed_course_reassessment_4h.intubated_0_4h,261,139,0.0842911877394636,0.06474820143884892,-0.019542986300614684,0.0,0.0,-0.07295106183024576,fourh
itv_intubation_count,261,139,0.0842911877394636,0.06474820143884892,-0.019542986300614684,0.0,0.0,-0.07295106183024576,fourh
vts_respiratory_rate_accel_sign,261,139,-0.04980842911877394,-0.1223021582733813,-0.07249372915460736,-1.0,-1.0,-0.0729280692783573,fourh
vts_respiratory_rate_slope_first60,261,139,0.0073078626711402545,0.013742694614094199,0.006434831942953944,0.0,0.0,0.0725797186877272,fourh
vts_gcs_recovery_halftime,261,139,46.22222222222222,43.13669064748201,-3.085531574740209,34.0,33.0,-0.07252119173755212,fourh
festival_note_keyword_hit,261,139,0.6934865900383141,0.7266187050359713,0.033132114997657114,1.0,1.0,0.07251288293805289,fourh
note_is_festival_template,261,139,0.6934865900383141,0.7266187050359713,0.033132114997657114,1.0,1.0,0.07251288293805289,fourh
note_location_none,261,139,0.3065134099616858,0.2733812949640288,-0.033132114997657,0.0,0.0,-0.07251288293805264,fourh
lts_lft_ast_max_value,214,117,43.666355140186916,45.0076923076923,1.3413371675053867,42.6,45.0,0.07217059421416099,fourh
lts_cpk_delta,214,117,-38.39252336448598,-49.26324786324786,-10.87072449876188,0.0,0.0,-0.0720478669906978,fourh
pe_diaphoretic,261,139,0.21455938697318008,0.2446043165467626,0.030044929573582513,0.0,0.0,0.07181177428929043,fourh
lts_bmp_bicarb_first_minute,214,117,62.80373831775701,68.71794871794872,5.914210400191706,0.0,0.0,0.07023199118535076,fourh
lts_vbg_ph_first_minute,214,117,62.80373831775701,68.71794871794872,5.914210400191706,0.0,0.0,0.07023199118535076,fourh
lts_serum_osm_first_minute,214,117,62.80373831775701,68.71794871794872,5.914210400191706,0.0,0.0,0.07023199118535076,fourh
lts_poct_glucose_first_minute,214,117,62.80373831775701,68.71794871794872,5.914210400191706,0.0,0.0,0.07023199118535076,fourh
lts_esr_first_minute,214,117,62.80373831775701,68.71794871794872,5.914210400191706,0.0,0.0,0.07023199118535076,fourh
lts_lft_ast_first_minute,214,117,62.80373831775701,68.71794871794872,5.914210400191706,0.0,0.0,0.07023199118535076,fourh
lts_troponin_first_minute,214,117,62.80373831775701,68.71794871794872,5.914210400191706,0.0,0.0,0.07023199118535076,fourh
lts_lactate_first_minute,214,117,62.80373831775701,68.71794871794872,5.914210400191706,0.0,0.0,0.07023199118535076,fourh
lts_cbc_wbc_first_minute,214,117,62.80373831775701,68.71794871794872,5.914210400191706,0.0,0.0,0.07023199118535076,fourh
lts_cpk_first_minute,214,117,62.80373831775701,68.71794871794872,5.914210400191706,0.0,0.0,0.07023199118535076,fourh
lts_bmp_sodium_first_minute,214,117,62.80373831775701,68.71794871794872,5.914210400191706,0.0,0.0,0.07023199118535076,fourh
lts_bmp_potassium_first_minute,214,117,62.80373831775701,68.71794871794872,5.914210400191706,0.0,0.0,0.07023199118535076,fourh
lts_crp_first_minute,214,117,62.80373831775701,68.71794871794872,5.914210400191706,0.0,0.0,0.07023199118535076,fourh
lts_vbg_ph_first_value,214,117,7.358135514018692,7.355213675213676,-0.002921838805016286,7.3575,7.351,-0.07004849386622732,fourh
triage_lab_anion_gap,261,139,11.659003831417625,11.929496402877696,0.2704925714600712,11.0,11.6,0.06983210693634775,fourh
itv_first_minute,261,139,78.4367816091954,74.2589928057554,-4.177788803440009,68.0,68.0,-0.06975932325033672,fourh
vts_gcs_nadir_minute,261,139,64.65134099616859,69.76978417266187,5.118443176493287,39.0,52.0,0.06975853128809456,fourh
arc_time_to_min_gcs_min,261,139,64.65134099616859,69.76978417266187,5.118443176493287,39.0,52.0,0.06975853128809456,fourh
triage_mh_psych,261,139,0.19540229885057472,0.22302158273381295,0.027619283883238227,0.0,0.0,0.06828008305802193,fourh
vts_temperature_c_nadir_minute,261,139,152.3256704980843,157.431654676259,5.105984178174708,164.0,171.0,0.06812448334222126,fourh
pe_agitated,261,139,0.13026819923371646,0.1079136690647482,-0.022354530168968267,0.0,0.0,-0.06804786385022778,fourh
triage_mh_cardiac,261,139,0.21455938697318008,0.18705035971223022,-0.027509027260949864,0.0,0.0,-0.06800722001770729,fourh
abs_diff_temp,261,139,0.5326053639846743,0.5095683453237413,-0.023037018660932995,0.5300000000000011,0.4599999999999937,-0.06728651118834356,fourh
hpi_has_severe_4h,261,139,0.1685823754789272,0.19424460431654678,0.025662228837619566,0.0,0.0,0.06702873035407217,fourh
cand_sympathetic_score,261,139,1.3103448275862069,1.39568345323741,0.0853386256512032,1.0,1.0,0.066517137792969,fourh
vts_oxygen_saturation_accel_sign,261,139,0.08045977011494253,0.014388489208633094,-0.06607128090630943,1.0,1.0,-0.06646644734444163,fourh
vts_heart_rate_range,261,139,30.250191570881228,30.97482014388489,0.7246285730036632,28.5,29.099999999999994,0.06604668152384104,fourh
vts_heart_rate_mean,261,139,94.04709982971478,95.1946956720338,1.1475958423190207,89.53333333333333,91.19999999999996,0.06546785268477455,fourh
note_char_len,261,139,91.98084291187739,93.20143884892086,1.2205959370434698,96.0,98.0,0.06499694061592061,fourh
vts_temperature_c_peak_minute,261,139,81.99233716475096,86.8273381294964,4.835000964745433,66.0,73.0,0.06486871565716838,fourh
lts_cpk_max_value,214,117,515.3546728971962,535.3042735042735,19.949600607077286,441.65,475.5,0.06455980969556259,fourh
abs_diff_hr,261,139,15.549808429118771,14.741726618705032,-0.8080818104137393,12.500000000000014,11.799999999999995,-0.06404964615220986,fourh
lts_serum_osm_first_value,214,117,291.42616822429903,290.9384615384615,-0.48770668583750876,290.85,290.2,-0.06350059383987522,fourh
vts_heart_rate_last30_mean,261,139,92.53805874840359,93.76972422062349,1.2316654722199019,89.8,90.95,0.0632719419859892,fourh
hpi_word_count_4h,261,139,196.73180076628353,200.24460431654677,3.512803550263243,217.0,223.0,0.06287816039804622,fourh
vts_heart_rate_slope,261,139,-0.024524968213175243,-0.027991900710054668,-0.0034669324968794255,-0.0237617184854574,-0.0308129165653955,-0.06237142647250013,fourh
vts_respiratory_rate_min,261,139,14.114559386973179,14.406474820143885,0.2919154331707059,13.2,14.2,0.06231595244876912,fourh
vts_respiratory_rate_nadir_value,261,139,14.114559386973179,14.406474820143885,0.2919154331707059,13.2,14.2,0.06231595244876912,fourh
vts_respiratory_rate_last30_mean,261,139,17.64802043422733,17.967446043165467,0.3194256089381362,16.9,17.7,0.06182674323357017,fourh
lts_poct_glucose_max_minute,214,117,107.10280373831776,112.82051282051282,5.717709082195057,120.0,120.0,0.06124816148379106,fourh
additional_labs_drawn_4h,261,139,0.5095785440613027,0.539568345323741,0.02998980126243833,1.0,1.0,0.05990186250273029,fourh
vts_oxygen_saturation_slope_60_240,261,139,0.0011821425870421128,0.001785353173572204,0.0006032105865300913,0.0010997556098645,0.0025521551532403,0.059853449758079595,fourh
vts_gcs_peak_minute,261,139,89.01149425287356,84.33093525179856,-4.680559001074997,79.0,72.0,-0.059207887074999126,fourh
direction_temp,261,139,-0.7777777777777778,-0.8129496402877698,-0.03517186250999205,-1.0,-1.0,-0.057629224000609526,fourh
lts_cpk_was_drawn,261,139,0.8199233716475096,0.841726618705036,0.021803247057526343,1.0,1.0,0.057586170830792295,fourh
lts_cbc_wbc_was_drawn,261,139,0.8199233716475096,0.841726618705036,0.021803247057526343,1.0,1.0,0.057586170830792295,fourh
lts_bmp_potassium_was_drawn,261,139,0.8199233716475096,0.841726618705036,0.021803247057526343,1.0,1.0,0.057586170830792295,fourh
lts_any_drawn,261,139,0.8199233716475096,0.841726618705036,0.021803247057526343,1.0,1.0,0.057586170830792295,fourh
lts_bmp_bicarb_was_drawn,261,139,0.8199233716475096,0.841726618705036,0.021803247057526343,1.0,1.0,0.057586170830792295,fourh
lts_bmp_sodium_was_drawn,261,139,0.8199233716475096,0.841726618705036,0.021803247057526343,1.0,1.0,0.057586170830792295,fourh
lts_serum_osm_was_drawn,261,139,0.8199233716475096,0.841726618705036,0.021803247057526343,1.0,1.0,0.057586170830792295,fourh
lts_troponin_was_drawn,261,139,0.8199233716475096,0.841726618705036,0.021803247057526343,1.0,1.0,0.057586170830792295,fourh
lts_lft_ast_was_drawn,261,139,0.8199233716475096,0.841726618705036,0.021803247057526343,1.0,1.0,0.057586170830792295,fourh
lts_poct_glucose_was_drawn,261,139,0.8199233716475096,0.841726618705036,0.021803247057526343,1.0,1.0,0.057586170830792295,fourh
lts_crp_was_drawn,261,139,0.8199233716475096,0.841726618705036,0.021803247057526343,1.0,1.0,0.057586170830792295,fourh
lts_esr_was_drawn,261,139,0.8199233716475096,0.841726618705036,0.021803247057526343,1.0,1.0,0.057586170830792295,fourh
lts_lactate_was_drawn,261,139,0.8199233716475096,0.841726618705036,0.021803247057526343,1.0,1.0,0.057586170830792295,fourh
lts_vbg_ph_was_drawn,261,139,0.8199233716475096,0.841726618705036,0.021803247057526343,1.0,1.0,0.057586170830792295,fourh
pct_change_temp,261,139,-0.01319353218911349,-0.012608121062475023,0.0005854111266384663,-0.014088250930356,-0.0122587376108504,0.057577979488756585,fourh
lts_vbg_ph_max_value,214,117,7.372065420560747,7.370017094017093,-0.0020483265436546105,7.375,7.368,-0.0574955233204763,fourh
lts_troponin_first_value,214,117,0.05855140186915889,0.061564102564102566,0.003012700694943679,0.0395,0.048,0.057358864245239,fourh
narrative_notes_structured_cxr_abnormal,261,139,0.0842911877394636,0.10071942446043165,0.016428236720968048,0.0,0.0,0.05728261733731685,fourh
lts_crp_max_value,214,117,5.096355140186915,4.89957264957265,-0.19678249061426545,4.83,4.49,-0.057084377641923104,fourh
vts_temperature_c_accel_sign,261,139,0.04980842911877394,-0.007194244604316547,-0.057002673723090494,1.0,0.0,-0.05704961590220739,fourh
vts_end_tidal_co2_max,261,139,42.23026819923372,42.43597122302158,0.2057030237878621,41.9,42.5,0.05635903350102764,fourh
vts_end_tidal_co2_peak_value,261,139,42.23026819923372,42.43597122302158,0.2057030237878621,41.9,42.5,0.05635903350102764,fourh
ed_course_reassessment_4h.respiratory_rate_4h,261,139,17.639080459770117,17.943165467625896,0.30408500785577885,16.9,17.5,0.05609384648182261,fourh
vts_respiratory_rate_last,261,139,17.639080459770117,17.943165467625896,0.30408500785577885,16.9,17.5,0.05609384648182261,fourh
is_festival_patient,261,139,0.7011494252873564,0.7266187050359713,0.025469279748614904,1.0,1.0,0.05600866301133006,fourh
vts_diastolic_bp_peak_value,261,139,86.28045977011494,86.02446043165467,-0.25599933846027056,86.1,85.8,-0.05589465043088558,fourh
vts_diastolic_bp_max,261,139,86.28045977011494,86.02446043165467,-0.25599933846027056,86.1,85.8,-0.05589465043088558,fourh
ed_course_reassessment_4h.delta_temp,261,139,-0.4995019157088123,-0.47791366906474814,0.02158824664406417,-0.53,-0.46,0.05564035966329239,fourh
diff_temp,261,139,-0.49950191570881247,-0.47791366906474847,0.021588246644064002,-0.529999999999994,-0.4599999999999937,0.0556403596632919,fourh
triage_temp_above_38,261,139,0.24904214559386972,0.2733812949640288,0.024339149370159074,0.0,0.0,0.05554343050575576,fourh
vts_heart_rate_peak_value,261,139,109.14099616858238,110.31079136690649,1.1697951983241097,102.9,105.7,0.055362618106808176,fourh
vts_heart_rate_max,261,139,109.14099616858238,110.31079136690649,1.1697951983241097,102.9,105.7,0.055362618106808176,fourh
vts_oxygen_saturation_time_to_first_critical,261,139,4.862068965517241,3.2302158273381294,-1.6318531381791117,-1.0,-1.0,-0.055340534450845316,fourh
diff_rr,261,139,-5.444827586206896,-5.158992805755395,0.2858347804515011,-5.299999999999997,-5.100000000000001,0.054652802270107215,fourh
lts_cpk_first_value,214,117,481.77009345794386,497.72478632478635,15.954692866842493,401.9,461.6,0.05414201323880123,fourh
vts_respiratory_rate_peak_value,261,139,22.197318007662837,22.470503597122303,0.2731855894594659,21.1,21.9,0.054125861228506114,fourh
vts_respiratory_rate_max,261,139,22.197318007662837,22.470503597122303,0.2731855894594659,21.1,21.9,0.054125861228506114,fourh
direction_sbp,261,139,0.2720306513409962,0.3237410071942446,0.0517103558532484,1.0,1.0,0.053914903373296866,fourh
vts_temperature_c_mean,261,139,37.12460066593687,37.14976775722279,0.025167091285922538,36.98166666666666,37.114444444444445,0.0536534167287201,fourh
lts_bmp_potassium_max_value,214,117,4.288504672897196,4.2645299145299145,-0.0239747583672818,4.295,4.3,-0.053231349825536844,fourh
vts_respiratory_rate_mean,261,139,18.100317764398227,18.34415895854745,0.24384119414922267,16.8625,17.9875,0.05261594931536225,fourh
vts_temperature_c_last30_mean,261,139,37.067605363984676,37.09387889688249,0.02627353289781098,36.975,37.05,0.05256970443533711,fourh
lts_bmp_bicarb_max_minute,214,117,131.21495327102804,126.15384615384616,-5.0611071171818764,120.0,120.0,-0.05207307447133349,fourh
peak_lactate_5plus,261,139,0.038314176245210725,0.02877697841726619,-0.009537197827944537,0.0,0.0,-0.0517806253288261,fourh
note_arousal_density,261,139,0.014377441355128978,0.012281423612358861,-0.0020960177427701166,0.0,0.0,-0.05118452995360864,fourh
xmod_first_lab_to_first_itv_min,193,110,22.424870466321245,17.327272727272728,-5.097597739048517,37.0,40.5,-0.050463784244801455,fourh
vts_gcs_accel_sign,261,139,0.007662835249042145,-0.03597122302158273,-0.04363405827062488,0.0,0.0,-0.05019087293272193,fourh
direction_dbp,261,139,0.27586206896551724,0.3237410071942446,0.04787893822872735,1.0,1.0,0.05016379238283358,fourh
lts_lactate_delta,214,117,-0.1282710280373832,-0.1715384615384615,-0.04326743350107831,0.0,0.0,-0.0498435851654512,fourh
cand_shock_index_age,261,139,32.23420859577251,33.00699326605888,0.7727846702863701,29.693181818181817,30.34627492130116,0.04851755043183169,fourh
vts_gcs_time_to_first_critical,261,139,14.865900383141762,16.892086330935253,2.0261859477934916,-1.0,0.0,0.048484847692036925,fourh
lts_cbc_wbc_last_value,214,117,7.932383177570094,8.061452991452992,0.1290698138828974,7.8100000000000005,7.88,0.048287131467519916,fourh
cand_news_temp,261,139,0.44061302681992337,0.48201438848920863,0.041401361669285264,0.0,0.0,0.048249937579081845,fourh
lts_lft_ast_last_value,214,117,36.967757009345796,37.73760683760683,0.7698498282610373,35.65,36.8,0.04773128808526234,fourh
lts_troponin_max_value,214,117,0.06332242990654206,0.0659059829059829,0.0025835529994408385,0.043,0.059,0.047715012404837956,fourh
vts_diastolic_bp_nadir_value,261,139,66.49846743295019,66.72805755395683,0.22959012100663756,66.7,67.0,0.047394839905809276,fourh
vts_diastolic_bp_min,261,139,66.49846743295019,66.72805755395683,0.22959012100663756,66.7,67.0,0.047394839905809276,fourh
vts_respiratory_rate_n_critical,261,139,1.3026819923371646,1.2014388489208634,-0.10124314341630125,0.0,0.0,-0.047093765694558,fourh
itv_escalation_max_rung,261,139,3.4904214559386975,3.5755395683453237,0.08511811240662626,4.0,4.0,0.046788646280070983,fourh
triage_temperature_c,261,139,37.56379310344828,37.59345323741007,0.029660133961783686,37.4,37.5,0.04603238821237957,fourh
note_onset_bucket_fast,261,139,0.13793103448275862,0.1223021582733813,-0.01562887620937732,0.0,0.0,-0.04599400910758979,fourh
lts_vbg_ph_delta,214,117,0.004813084112149534,0.006247863247863224,0.00143477913571369,0.0,0.0,0.045695188180290586,fourh
vts_heart_rate_time_to_first_critical,261,139,10.31800766283525,8.568345323741006,-1.7496623390942432,-1.0,-1.0,-0.04489909732078024,fourh
lts_vbg_ph_pct_change,214,117,0.0006644613122315313,0.0008563424626501429,0.00019188115041861157,0.0,0.0,0.04486060772536094,fourh
vts_temperature_c_slope,261,139,-0.0007734379525720119,-0.00082354850343871,-5.011055086669809e-05,-0.0007992219476739,-0.0007881439418059,-0.044438358327642806,fourh
note_onset_bucket_unknown,261,139,0.23371647509578544,0.2158273381294964,-0.01788913696628905,0.0,0.0,-0.04257460834299977,fourh
note_has_onset_phrase,261,139,0.7662835249042146,0.7841726618705036,0.01788913696628902,1.0,1.0,0.042574608342999705,fourh
lts_n_records,261,139,1.5325670498084292,1.5755395683453237,0.042972518536894544,1.0,2.0,0.04239433717991275,fourh
lts_troponin_max_minute,214,117,100.37383177570094,96.41025641025641,-3.9635753654445267,120.0,120.0,-0.0419711043347571,fourh
lts_lft_ast_first_value,214,117,39.8070093457944,40.55042735042735,0.7434180046329502,38.9,38.2,0.0414710849738176,fourh
abs_diff_rr,261,139,6.110727969348659,5.9287769784172655,-0.18195099093139344,5.4,5.199999999999999,-0.04138883899122635,fourh
n_vitals_crit_at_4h_new,261,139,0.07662835249042145,0.06474820143884892,-0.01188015105157253,0.0,0.0,-0.041330110097617286,fourh
vts_oxygen_saturation_last30_mean,261,139,95.97260536398467,96.04682254196642,0.07421717798175109,96.35,96.2,0.04126000288028349,fourh
vts_diastolic_bp_cv,261,139,0.08368167497366671,0.08269030687613603,-0.0009913680975306843,0.0849339831407298,0.0815975262393804,-0.04114542314590568,fourh
pe_mild_tremor,261,139,0.19923371647509577,0.2158273381294964,0.01659362165440062,0.0,0.0,0.04100864609736637,fourh
lts_bmp_potassium_max_minute,214,117,109.90654205607477,113.84615384615384,3.93961179007907,120.0,120.0,0.04050084588613211,fourh
lts_bmp_bicarb_pct_change,214,117,0.026325997822632063,0.021564813983080095,-0.004761183839551968,0.0,0.0,-0.039908871036996356,fourh
vts_end_tidal_co2_time_to_first_critical,261,139,13.379310344827585,11.597122302158274,-1.7821880426693113,-1.0,-1.0,-0.039647174985007215,fourh
lts_lactate_max_minute,214,117,111.02803738317758,114.87179487179488,3.8437574886172996,120.0,120.0,0.03956929497878244,fourh
lts_lactate_last_value,214,117,2.464672897196262,2.422564102564103,-0.042108794632159,2.255,2.2,-0.03926639619247528,fourh
vts_oxygen_saturation_peak_minute,261,139,133.39846743295018,136.49640287769785,3.0979354447476624,151.0,149.0,0.03872111255202452,fourh
vts_heart_rate_cv,261,139,0.10490745202743386,0.1061539022063553,0.0012464501789214433,0.1033009608785948,0.1032983941604378,0.038300135876544156,fourh
vts_diastolic_bp_nadir_minute,261,139,113.22605363984674,116.25179856115108,3.0257449213043373,116.0,108.0,0.03734556743507746,fourh
vts_respiratory_rate_cv,261,139,0.1538476566355374,0.1518510916550859,-0.001996564980451504,0.1481333707164284,0.146418325907167,-0.03714345241899432,fourh
itv_time_to_first_reversal,261,139,18.195402298850574,16.453237410071942,-1.7421648887786318,-1.0,-1.0,-0.03669268642608738,fourh
vts_temperature_c_slope_60_240,261,139,-0.0006877907311390822,-0.0007658699197018075,-7.807918856272533e-05,-0.0007692230656758,-0.0008100396556727,-0.036436051195599194,fourh
lts_vbg_ph_last_value,214,117,7.362948598130841,7.361461538461538,-0.0014870596693032923,7.366,7.361,-0.03567060952734545,fourh
triage_pain_scale,261,139,5.199233716475096,5.294964028776978,0.09573031230188267,5.0,5.0,0.035218998268749434,fourh
cand_rate_pressure_product,261,139,12369.261149425289,12256.94223021583,-112.31891920945964,11637.44,11744.05,-0.035026008308089496,fourh
triage_mh_renal,261,139,0.1111111111111111,0.1223021582733813,0.011191047162270193,0.0,0.0,0.03499631426004613,fourh
vts_end_tidal_co2_last,261,139,37.79846743295019,37.6525179856115,-0.14594944733868687,37.5,37.1,-0.03486775664968411,fourh
ed_course_reassessment_4h.end_tidal_co2_4h,261,139,37.79846743295019,37.6525179856115,-0.14594944733868687,37.5,37.1,-0.03486775664968411,fourh
vts_temperature_c_max,261,139,37.43846743295018,37.455755395683454,0.01728796273327049,37.32,37.39,0.034359745013717274,fourh
vts_temperature_c_peak_value,261,139,37.43846743295018,37.455755395683454,0.01728796273327049,37.32,37.39,0.034359745013717274,fourh
vts_heart_rate_nadir_minute,261,139,142.72030651340995,145.28057553956833,2.5602690261583803,151.0,159.0,0.03361266028787589,fourh
lts_esr_delta,214,117,-1.077570093457944,-1.3017094017094015,-0.22413930825145756,0.0,0.0,-0.03340827922785167,fourh
lts_esr_max_minute,214,117,114.95327102803738,111.7948717948718,-3.158399233165582,120.0,120.0,-0.03278230723209347,fourh
lts_cbc_wbc_first_value,214,117,8.383598130841122,8.293333333333333,-0.09026479750778904,8.265,8.26,-0.03256103749684933,fourh
triage_age,261,139,36.88505747126437,36.410071942446045,-0.4749855288183227,38.0,33.0,-0.03226052515057638,fourh
vts_end_tidal_co2_range,261,139,8.36896551724138,8.29064748201439,-0.07831803522699055,8.199999999999996,8.200000000000003,-0.032242774516045215,fourh
vts_oxygen_saturation_peak_value,261,139,97.455938697318,97.50719424460432,0.05125554728631698,97.9,97.7,0.030927816898857836,fourh
vts_oxygen_saturation_max,261,139,97.455938697318,97.50719424460432,0.05125554728631698,97.9,97.7,0.030927816898857836,fourh
cand_poc_abn_count,261,139,1.160919540229885,1.1942446043165467,0.03332506408666158,1.0,1.0,0.0308975146145549,fourh
vts_heart_rate_slope_60_240,261,139,-0.010606929161397643,-0.013940677052756652,-0.003333747891359009,-0.0155335375790366,-0.0238103113242648,-0.030859961199512367,fourh
triage_lab_potassium,261,139,4.390842911877394,4.4048201438848915,0.013977232007497342,4.37,4.41,0.029937687016087525,fourh
cand_news_spo2,261,139,0.578544061302682,0.60431654676259,0.025772485459907957,0.0,0.0,0.02974071498899747,fourh
itv_antipyretic_count,261,139,0.3103448275862069,0.3237410071942446,0.013396179608037684,0.0,0.0,0.028769538342754333,fourh
lts_bmp_bicarb_max_value,214,117,22.807476635514014,22.867521367521363,0.0600447320073485,23.0,23.0,0.02870338685523625,fourh
arrival_dow,261,139,2.4559386973180075,2.5035971223021583,0.04765842498415074,2.0,3.0,0.02844193294496811,fourh
vts_systolic_bp_nadir_value,261,139,109.28199233716475,109.50287769784174,0.22088536067698783,109.5,109.3,0.027597268959096824,fourh
vts_systolic_bp_min,261,139,109.28199233716475,109.50287769784174,0.22088536067698783,109.5,109.3,0.027597268959096824,fourh
vts_diastolic_bp_mean,261,139,76.46859757951712,76.55104202352405,0.0824444440069243,76.75714285714287,76.35000000000001,0.027230013223206374,fourh
vts_heart_rate_min,261,139,78.89080459770115,79.33597122302159,0.4451666253204394,75.5,78.3,0.027142308708495027,fourh
vts_heart_rate_nadir_value,261,139,78.89080459770115,79.33597122302159,0.4451666253204394,75.5,78.3,0.027142308708495027,fourh
narrative_notes_structured_ct_chest_abnormal,261,139,0.06513409961685823,0.07194244604316546,0.006808346426307232,0.0,0.0,0.027071551214221112,fourh
lts_esr_max_value,214,117,18.047196261682245,18.24871794871795,0.2015216870357044,17.05,17.8,0.02383018237637675,fourh
lts_cpk_max_minute,214,117,104.29906542056075,106.66666666666667,2.36760124610592,120.0,120.0,0.023810846402612634,fourh
vts_systolic_bp_mean,261,139,123.9278423949401,123.80171006052304,-0.12613233441706484,123.85000000000002,123.55,-0.023222872541721805,fourh
ed_course_reassessment_4h.supplemental_oxygen_4h,261,139,0.12260536398467432,0.12949640287769784,0.006891038893023518,0.0,0.0,0.020785409552841364,fourh
lts_esr_last_value,214,117,15.01728971962617,14.861538461538462,-0.15575125808770807,14.5,15.0,-0.02070631693287556,fourh
lts_bmp_sodium_last_value,214,117,139.0467289719626,139.10085470085468,0.054125728892074676,139.14999999999998,139.2,0.020180574739644856,fourh
vts_end_tidal_co2_slope,261,139,-0.006092177357295315,-0.006368261366173896,-0.00027608400887858126,-0.0058419714885623,-0.0054732632832773,-0.019146623562939724,fourh
vts_systolic_bp_slope,261,139,0.016364912280443476,0.015388466511890525,-0.0009764457685529516,0.0126921586869037,0.0188886825735774,-0.018465935190796416,fourh
lts_cpk_last_value,214,117,443.3775700934579,448.4615384615385,5.083968368080605,381.0,419.5,0.018255507095051266,fourh
vts_systolic_bp_slope_60_240,261,139,0.00947046951235976,0.007750114728882257,-0.001720354783477502,0.0072713879827428,0.0117517859519903,-0.017823587183958104,fourh
supp_o2_escalated,261,139,0.019157088122605363,0.02158273381294964,0.002425645690344279,0.0,0.0,0.01728325948030476,fourh
pct_change_supp_o2,261,139,19156.954022988506,21582.474820143885,2425.520797155379,0.0,0.0,0.017282366397769193,fourh
any_vital_crit_at_4h_new,261,139,0.06896551724137931,0.06474820143884892,-0.004217315802530389,0.0,0.0,-0.016768154621765084,fourh
lts_bmp_bicarb_first_value,214,117,21.77803738317757,21.739316239316235,-0.038721143861334184,21.9,21.7,-0.015505221970725895,fourh
vts_respiratory_rate_slope_60_240,261,139,-0.005723030618324957,-0.005301275480341609,0.00042175513798334806,-0.0055878378378377,-0.0051904226257431,0.015306126971010584,fourh
lts_lft_ast_max_minute,214,117,109.34579439252336,110.76923076923077,1.4234363767074143,120.0,120.0,0.014932047328641975,fourh
vts_heart_rate_last,261,139,92.98084291187739,93.28273381294963,0.30189090107224104,90.0,90.0,0.014808129355030994,fourh
ed_course_reassessment_4h.heart_rate_4h,261,139,92.98084291187739,93.28273381294963,0.30189090107224104,90.0,90.0,0.014808129355030994,fourh
vts_gcs_slope_60_240,261,139,0.0010379040922932816,0.001151382929529042,0.0001134788372357603,0.0005789067433864,0.0005507474429583,0.014602599840252152,fourh
lts_cbc_wbc_max_value,214,117,9.169392523364486,9.126666666666669,-0.04272585669781748,9.17,9.11,-0.014412821679119094,fourh
vts_oxygen_saturation_nadir_value,261,139,94.33716475095785,94.31366906474821,-0.023495686209642486,94.9,94.5,-0.01303279207672958,fourh
vts_oxygen_saturation_min,261,139,94.33716475095785,94.31366906474821,-0.023495686209642486,94.9,94.5,-0.01303279207672958,fourh
pe_restless,261,139,0.1111111111111111,0.11510791366906475,0.003996802557953649,0.0,0.0,0.012617452274055415,fourh
pe_kraken_combo,261,139,0.12643678160919541,0.1223021582733813,-0.0041346233358141166,0.0,0.0,-0.012470852843755403,fourh
vts_oxygen_saturation_recovery_halftime,261,139,35.50574712643678,35.02158273381295,-0.48416439262383193,24.0,23.0,-0.011992332778474805,fourh
vts_end_tidal_co2_peak_minute,261,139,100.68199233716476,101.58992805755396,0.9079357203892044,87.0,89.0,0.01115473295102828,fourh
cand_na_extreme,261,139,0.1685823754789272,0.17266187050359713,0.004079495024669921,0.0,0.0,0.010833286997020726,fourh
vts_end_tidal_co2_cv,261,139,0.07175584130614801,0.07198372227829054,0.0002278809721425329,0.0700241647048609,0.0715893156130028,0.010793933797819287,fourh
vts_heart_rate_peak_minute,261,139,99.90038314176245,100.74820143884892,0.8478182970864765,82.0,84.0,0.010384812225048095,fourh
lts_crp_delta,214,117,-0.2654672897196262,-0.2955555555555555,-0.03008826583592933,0.0,0.0,-0.009590817755946859,fourh
vts_oxygen_saturation_mean,261,139,95.90476266496381,95.92016672376384,0.01540405880002993,96.575,96.24285714285716,0.00948769234230988,fourh
ed_course_reassessment_4h.reversal_count_0_4h,261,139,0.17624521072796934,0.17266187050359713,-0.0035833402243722057,0.0,0.0,-0.009407147757186192,fourh
itv_reversal_count,261,139,0.17624521072796934,0.17266187050359713,-0.0035833402243722057,0.0,0.0,-0.009407147757186192,fourh
vts_diastolic_bp_accel_sign,261,139,0.0842911877394636,0.09352517985611511,0.009233992116651504,1.0,1.0,0.00925810194267913,fourh
lts_esr_first_value,214,117,16.094859813084113,16.163247863247864,0.06838805016375105,15.3,15.7,0.008480745669093423,fourh
stab_total_critical_breaches,261,139,3.9310344827586206,3.9784172661870505,0.04738278342842994,1.0,2.0,0.008285048936344946,fourh
lts_bmp_potassium_last_value,214,117,4.113271028037383,4.110085470085471,-0.0031855579519124433,4.12,4.11,-0.008211043670931825,fourh
vts_respiratory_rate_range,261,139,8.082758620689656,8.064028776978416,-0.01872984371123998,7.999999999999998,7.799999999999997,-0.00807936342494784,fourh
lts_troponin_last_value,214,117,0.04828504672897197,0.04797435897435897,-0.000310687754613001,0.0325,0.039,-0.006873160840125405,fourh
itv_density_first_hour,261,139,0.4559386973180077,0.460431654676259,0.004492957358251337,0.0,0.0,0.006809340327604067,fourh
lts_lactate_max_value,214,117,2.838971962616822,2.8310256410256414,-0.007946321591180805,2.68,2.69,-0.006670333802699108,fourh
pe_ataxia,261,139,0.21839080459770116,0.2158273381294964,-0.002563466468204767,0.0,0.0,-0.006198252705930655,fourh
note_onset_bucket_medium,261,139,0.39846743295019155,0.39568345323741005,-0.0027839797127814925,0.0,0.0,-0.005674558895530975,fourh
all_peak_labs_normal,261,139,0.0421455938697318,0.04316546762589928,0.0010198737561674803,0.0,0.0,0.005043074210702515,fourh
vts_diastolic_bp_last,261,139,76.55862068965519,76.59280575539569,0.03418506574050184,76.9,76.7,0.004748850473011967,fourh
ed_course_reassessment_4h.diastolic_bp_4h,261,139,76.55862068965519,76.59280575539569,0.03418506574050184,76.9,76.7,0.004748850473011967,fourh
note_perceptual_density,261,139,0.017510761632766676,0.017694822470197213,0.0001840608374305379,0.0,0.0,0.00462063495155659,fourh
lts_vbg_ph_n_draws,214,117,1.8691588785046729,1.8717948717948718,0.0026359932901989236,2.0,2.0,0.0033040000468114537,fourh
lts_serum_osm_n_draws,214,117,1.8691588785046729,1.8717948717948718,0.0026359932901989236,2.0,2.0,0.0033040000468114537,fourh
lts_lft_ast_n_draws,214,117,1.8691588785046729,1.8717948717948718,0.0026359932901989236,2.0,2.0,0.0033040000468114537,fourh
lts_troponin_n_draws,214,117,1.8691588785046729,1.8717948717948718,0.0026359932901989236,2.0,2.0,0.0033040000468114537,fourh
lts_lactate_n_draws,214,117,1.8691588785046729,1.8717948717948718,0.0026359932901989236,2.0,2.0,0.0033040000468114537,fourh
lts_poct_glucose_n_draws,214,117,1.8691588785046729,1.8717948717948718,0.0026359932901989236,2.0,2.0,0.0033040000468114537,fourh
lts_bmp_bicarb_n_draws,214,117,1.8691588785046729,1.8717948717948718,0.0026359932901989236,2.0,2.0,0.0033040000468114537,fourh
lts_cbc_wbc_n_draws,214,117,1.8691588785046729,1.8717948717948718,0.0026359932901989236,2.0,2.0,0.0033040000468114537,fourh
lts_esr_n_draws,214,117,1.8691588785046729,1.8717948717948718,0.0026359932901989236,2.0,2.0,0.0033040000468114537,fourh
lts_crp_n_draws,214,117,1.8691588785046729,1.8717948717948718,0.0026359932901989236,2.0,2.0,0.0033040000468114537,fourh
lts_bmp_potassium_n_draws,214,117,1.8691588785046729,1.8717948717948718,0.0026359932901989236,2.0,2.0,0.0033040000468114537,fourh
lts_bmp_sodium_n_draws,214,117,1.8691588785046729,1.8717948717948718,0.0026359932901989236,2.0,2.0,0.0033040000468114537,fourh
lts_cpk_n_draws,214,117,1.8691588785046729,1.8717948717948718,0.0026359932901989236,2.0,2.0,0.0033040000468114537,fourh
triage_respiratory_rate,261,139,23.08390804597701,23.102158273381296,0.018250227404283947,21.7,22.6,0.0025394338336836957,fourh
vts_end_tidal_co2_last30_mean,261,139,37.657471264367814,37.666846522781775,0.009375258413960808,37.35,37.1,0.002370967400486474,fourh
note_location_campground,261,139,0.13026819923371646,0.12949640287769784,-0.0007717963560186225,0.0,0.0,-0.0022891972787637866,fourh
triage_chief_agitation,261,139,0.10727969348659004,0.1079136690647482,0.0006339755781581552,0.0,0.0,0.002041624790653894,fourh
lts_lft_ast_delta,214,117,-2.839252336448599,-2.8128205128205135,0.026431823628085382,0.0,0.0,0.0018198751025566384,fourh
vts_respiratory_rate_nadir_minute,261,139,144.28352490421457,144.41007194244605,0.12654703823147884,151.0,162.0,0.0016874654644862225,fourh
vts_temperature_c_min,261,139,36.82900383141763,36.828273381294956,-0.0007304501226741422,36.73,36.8,-0.001564436710347653,fourh
vts_temperature_c_nadir_value,261,139,36.82900383141763,36.828273381294956,-0.0007304501226741422,36.73,36.8,-0.001564436710347653,fourh
lts_lactate_first_value,214,117,2.5929439252336444,2.5941025641025646,0.0011586388689202032,2.51,2.34,0.001054025734875711,fourh
vts_gcs_slope,261,139,0.0017760180798182211,0.0017717746124229115,-4.24346739530965e-06,0.0019410178367149,0.0014895180599126,-0.0010233589952625248,fourh
lts_poct_glucose_max_value,214,117,114.83878504672897,114.82564102564103,-0.013144021087938995,114.80000000000001,115.2,-0.0005699552228808455,fourh
lts_lactate_pct_change,214,117,0.01242983272293466,0.012282102474824504,-0.00014773024811015611,0.0,0.0,-0.00032908772975231743,fourh
pe_unsteady_gait,261,139,0.23754789272030652,0.23741007194244604,-0.0001378207778604812,0.0,0.0,-0.00032305354514575553,fourh
