model,encounter_id,true_label,pred_label,p_kraken,p_triton,p_coral
logreg,E000143,Coral Dust,Triton Tabs,0.1271966826464047,0.8183025349662726,0.05450078238732267
logreg,E001372,Kraken Candy,Kraken Candy,0.721125852962017,0.24892094070698012,0.029953206331002853
logreg,E001311,Kraken Candy,Triton Tabs,0.3141341985442687,0.6593463221925229,0.026519479263208436
logreg,E001652,Kraken Candy,Kraken Candy,0.9991807520146253,0.000761952893921645,5.7295091453206003e-05
logreg,E001666,Triton Tabs,Coral Dust,0.05856747383916573,0.16945408269377074,0.7719784434670636
logreg,E000701,Triton Tabs,Triton Tabs,0.15876516240277616,0.8160863910798355,0.025148446517388314
logreg,E000749,Triton Tabs,Coral Dust,0.29130449368841954,0.2056294009414548,0.5030661053701256
logreg,E000841,Kraken Candy,Triton Tabs,0.018557229457969462,0.9641176843805919,0.01732508616143856
logreg,E000859,Triton Tabs,Triton Tabs,0.17073214878505127,0.7142790373615803,0.11498881385336834
logreg,E001427,Coral Dust,Triton Tabs,0.008811489542432903,0.9061042841522595,0.08508422630530756
logreg,E001238,Kraken Candy,Triton Tabs,0.003332472097770809,0.7021512895200703,0.29451623838215873
logreg,E001927,Triton Tabs,Triton Tabs,0.001680467311664814,0.9795311698908655,0.01878836279746952
logreg,E000087,Triton Tabs,Triton Tabs,0.18034891735493913,0.8180197369567893,0.0016313456882715335
logreg,E000185,Kraken Candy,Kraken Candy,0.9071456018336698,0.08443791641007184,0.008416481756258393
logreg,E001007,Kraken Candy,Kraken Candy,0.4247285389403841,0.2984184956368175,0.2768529654227983
logreg,E000996,Kraken Candy,Triton Tabs,0.0037724546148359445,0.5428475068233151,0.453380038561849
logreg,E000047,Triton Tabs,Coral Dust,0.041133172971762944,0.03104869142341707,0.9278181356048201
logreg,E000065,Coral Dust,Kraken Candy,0.6316093233579287,0.1714554291812916,0.1969352474607795
logreg,E002165,Kraken Candy,Triton Tabs,0.006980294586033053,0.9468208335704134,0.046198871843553695
logreg,E001549,Kraken Candy,Kraken Candy,0.8767096451846771,0.11928848121320995,0.004001873602113061
logreg,E002013,Kraken Candy,Kraken Candy,0.8279217123383619,0.07013733898127324,0.10194094868036499
logreg,E001539,Coral Dust,Triton Tabs,0.00048584331281385204,0.9774724627702992,0.022041693916886998
logreg,E001305,Kraken Candy,Triton Tabs,0.0007877812271175472,0.8438371167934025,0.15537510197947996
logreg,E002047,Kraken Candy,Triton Tabs,0.17673769887393764,0.8122121680056156,0.011050133120446747
logreg,E002159,Coral Dust,Triton Tabs,0.005624659121381631,0.9324496191003029,0.061925721778315554
logreg,E000849,Kraken Candy,Kraken Candy,0.9999253884336036,5.9263056469749156e-05,1.5348509926607622e-05
logreg,E001711,Kraken Candy,Triton Tabs,0.20302014271225965,0.5081854611507787,0.2887943961369616
logreg,E001947,Kraken Candy,Kraken Candy,0.9502704275341302,0.03445115698581578,0.015278415480053965
logreg,E000345,Triton Tabs,Triton Tabs,0.01597071189217196,0.9769270215040493,0.007102266603778707
logreg,E000847,Triton Tabs,Triton Tabs,0.03979206507244884,0.892414732381794,0.067793202545757
logreg,E001286,Coral Dust,Triton Tabs,0.0348187467396568,0.9147588382120512,0.05042241504829202
logreg,E000771,Kraken Candy,Triton Tabs,0.003525110825974088,0.9537617603714871,0.042713128802538886
logreg,E001330,Coral Dust,Triton Tabs,0.33244377533322117,0.5021681823736042,0.16538804229317464
logreg,E001213,Kraken Candy,Coral Dust,0.2247176930201457,0.37330931787294913,0.4019729891069052
logreg,E000780,Triton Tabs,Kraken Candy,0.4892254279471737,0.024348358167486928,0.4864262138853395
logreg,E000129,Triton Tabs,Triton Tabs,0.009468338709129281,0.9698874698775832,0.020644191413287365
logreg,E000554,Kraken Candy,Kraken Candy,0.9759562231815431,0.018679370597980378,0.00536440622047661
logreg,E001381,Kraken Candy,Triton Tabs,0.03799545707816434,0.6058283211997426,0.3561762217220929
logreg,E000357,Kraken Candy,Kraken Candy,0.9780353628853106,0.012802791666025954,0.009161845448663572
logreg,E001568,Triton Tabs,Triton Tabs,0.08538577137101108,0.8984388418677273,0.016175386761261804
logreg,E000720,Kraken Candy,Triton Tabs,0.05625493381346917,0.9275034390525341,0.01624162713399669
logreg,E000700,Coral Dust,Triton Tabs,0.03309451999216092,0.9634307968192649,0.003474683188573932
logreg,E000119,Kraken Candy,Coral Dust,0.0074460682612062954,0.219008331785203,0.7735455999535907
logreg,E001684,Kraken Candy,Kraken Candy,0.8719337875891169,0.12783007656627932,0.0002361358446038985
logreg,E001094,Coral Dust,Triton Tabs,0.008030204404304521,0.9693534153753113,0.022616380220384275
rforest,E000143,Coral Dust,Coral Dust,0.2385306222898359,0.3600266524004641,0.4014427253096995
rforest,E001372,Kraken Candy,Kraken Candy,0.6069642398555132,0.21729770061163237,0.17573805953285576
rforest,E001311,Kraken Candy,Kraken Candy,0.42365832941445336,0.3077890083020097,0.2685526622835369
rforest,E001652,Kraken Candy,Kraken Candy,0.7511593592740661,0.1281884261921948,0.12065221453373906
rforest,E001666,Triton Tabs,Coral Dust,0.25491151645764665,0.25176231061852705,0.49332617292382613
rforest,E000701,Triton Tabs,Triton Tabs,0.1448117019300419,0.5924494828975025,0.2627388151724555
rforest,E000749,Triton Tabs,Coral Dust,0.27563998084982816,0.345092820973267,0.3792671981769047
rforest,E000841,Kraken Candy,Coral Dust,0.2573628867274523,0.3673254575195144,0.37531165575303305
rforest,E000859,Triton Tabs,Coral Dust,0.19024700033790945,0.21822028248105368,0.5915327171810366
rforest,E001427,Coral Dust,Triton Tabs,0.13798975471038577,0.5750030930685291,0.2870071522210848
rforest,E001238,Kraken Candy,Coral Dust,0.21278629098615578,0.2846623100431491,0.5025513989706948
rforest,E001927,Triton Tabs,Triton Tabs,0.21373340435087582,0.3939602272366515,0.39230636841247263
rforest,E000087,Triton Tabs,Kraken Candy,0.4836801924688063,0.2440161544246629,0.2723036531065315
rforest,E000185,Kraken Candy,Kraken Candy,0.422548119426474,0.2204240756223796,0.3570278049511464
rforest,E001007,Kraken Candy,Kraken Candy,0.47116909835926163,0.18671197712680956,0.3421189245139293
rforest,E000996,Kraken Candy,Triton Tabs,0.13560662350204264,0.4452062669183964,0.41918710957956073
rforest,E000047,Triton Tabs,Coral Dust,0.25637313912615967,0.27474594656593965,0.46888091430790013
rforest,E000065,Coral Dust,Triton Tabs,0.13473973240614334,0.5157643135448143,0.3494959540490422
rforest,E002165,Kraken Candy,Coral Dust,0.33151008610375116,0.2645681116777028,0.4039218022185455
rforest,E001549,Kraken Candy,Kraken Candy,0.831248065755358,0.08313675430746889,0.0856151799371733
rforest,E002013,Kraken Candy,Kraken Candy,0.40907473514016035,0.2042554636799584,0.38666980117988153
rforest,E001539,Coral Dust,Triton Tabs,0.27275781281780875,0.3969182372980738,0.330323949884117
rforest,E001305,Kraken Candy,Triton Tabs,0.138636068201664,0.4424020394861202,0.41896189231221526
rforest,E002047,Kraken Candy,Triton Tabs,0.28026278146556427,0.3628667749247634,0.3568704436096722
rforest,E002159,Coral Dust,Coral Dust,0.19990791384518508,0.2920672447486376,0.5080248414061771
rforest,E000849,Kraken Candy,Kraken Candy,0.8708908934154885,0.06297513131186398,0.06613397527264761
rforest,E001711,Kraken Candy,Kraken Candy,0.5420650830540013,0.16569552274392196,0.29223939420207745
rforest,E001947,Kraken Candy,Kraken Candy,0.5418324443588762,0.14700895042840811,0.3111586052127164
rforest,E000345,Triton Tabs,Triton Tabs,0.14640594254897293,0.5546184023598749,0.2989756550911522
rforest,E000847,Triton Tabs,Triton Tabs,0.10947247847001197,0.4726565704182417,0.417870951111746
rforest,E001286,Coral Dust,Triton Tabs,0.16643751288506714,0.5116494202033299,0.3219130669116027
rforest,E000771,Kraken Candy,Kraken Candy,0.4635664599473213,0.26750667539914025,0.26892686465353893
rforest,E001330,Coral Dust,Triton Tabs,0.17372330499017793,0.4760039633913378,0.35027273161848377
rforest,E001213,Kraken Candy,Coral Dust,0.27700002167808785,0.2222888817723819,0.5007110965495299
rforest,E000780,Triton Tabs,Triton Tabs,0.1781370639902457,0.48027044786704187,0.3415924881427122
rforest,E000129,Triton Tabs,Triton Tabs,0.11520676138511306,0.5703610579864519,0.3144321806284351
rforest,E000554,Kraken Candy,Kraken Candy,0.541576946249047,0.2242582677994968,0.234164785951457
rforest,E001381,Kraken Candy,Kraken Candy,0.41477015929154254,0.21965218354188087,0.36557765716657714
rforest,E000357,Kraken Candy,Kraken Candy,0.4970086749875041,0.1636569264250755,0.33933439858742054
rforest,E001568,Triton Tabs,Kraken Candy,0.4840713766943403,0.3001177511565888,0.21581087214907144
rforest,E000720,Kraken Candy,Triton Tabs,0.08662909790858828,0.674637664181084,0.23873323791032766
rforest,E000700,Coral Dust,Kraken Candy,0.38745895578766026,0.34668728233544593,0.2658537618768937
rforest,E000119,Kraken Candy,Coral Dust,0.3514918341203604,0.24652233541912846,0.40198583046051134
rforest,E001684,Kraken Candy,Kraken Candy,0.7661945835280832,0.13612698448719274,0.0976784319847242
rforest,E001094,Coral Dust,Coral Dust,0.354519794362337,0.2843140289301125,0.36116617670755036
hgb,E000143,Coral Dust,Kraken Candy,0.8810410143729525,0.09396315552833313,0.024995830098714443
hgb,E001372,Kraken Candy,Kraken Candy,0.976892829730642,0.017002079705956113,0.006105090563401942
hgb,E001311,Kraken Candy,Kraken Candy,0.49214777610868493,0.21564171595442963,0.29221050793688536
hgb,E001652,Kraken Candy,Kraken Candy,0.5634128519206065,0.4283750323793793,0.008212115700014018
hgb,E001666,Triton Tabs,Coral Dust,0.014422394766701548,0.04858162679172977,0.9369959784415687
hgb,E000701,Triton Tabs,Triton Tabs,0.009786241809498827,0.9625315958169053,0.027682162373595817
hgb,E000749,Triton Tabs,Triton Tabs,0.36297091994821984,0.5932641667042744,0.04376491334750565
hgb,E000841,Kraken Candy,Coral Dust,0.18459322210341883,0.3086096877190338,0.5067970901775474
hgb,E000859,Triton Tabs,Coral Dust,0.04990133776478074,0.019484149810837407,0.930614512424382
hgb,E001427,Coral Dust,Triton Tabs,0.0474178310225723,0.6435212028177082,0.30906096615971956
hgb,E001238,Kraken Candy,Kraken Candy,0.6359262443749947,0.20871559416089633,0.15535816146410888
hgb,E001927,Triton Tabs,Coral Dust,0.026757727240751737,0.11230945441337907,0.8609328183458692
hgb,E000087,Triton Tabs,Kraken Candy,0.8096241896953622,0.09952243353790642,0.09085337676673132
hgb,E000185,Kraken Candy,Coral Dust,0.3642923714119589,0.030346771311685526,0.6053608572763555
hgb,E001007,Kraken Candy,Kraken Candy,0.7719967397865901,0.06534958273218275,0.16265367748122714
hgb,E000996,Kraken Candy,Coral Dust,0.05270549920798351,0.009806956869363495,0.9374875439226529
hgb,E000047,Triton Tabs,Coral Dust,0.02152971479415418,0.07555371632108078,0.9029165688847651
hgb,E000065,Coral Dust,Coral Dust,0.05833850458524455,0.3454342940607296,0.5962272013540258
hgb,E002165,Kraken Candy,Kraken Candy,0.7289517154111631,0.14348461545195493,0.12756366913688202
hgb,E001549,Kraken Candy,Kraken Candy,0.9256814138085805,0.002814021720298034,0.07150456447112159
hgb,E002013,Kraken Candy,Kraken Candy,0.9601891186693587,0.0021094595994756863,0.037701421731165564
hgb,E001539,Coral Dust,Kraken Candy,0.48641826996208787,0.232012214623485,0.2815695154144272
hgb,E001305,Kraken Candy,Triton Tabs,0.0018202144812198293,0.9061039847848488,0.09207580073393147
hgb,E002047,Kraken Candy,Triton Tabs,0.058081773692208225,0.9110342504748892,0.030883975832902498
hgb,E002159,Coral Dust,Coral Dust,0.170642138891789,0.22342973942331984,0.6059281216848911
hgb,E000849,Kraken Candy,Kraken Candy,0.9298551715160926,0.011958384566461054,0.05818644391744627
hgb,E001711,Kraken Candy,Kraken Candy,0.8820955493931572,0.002699836616583491,0.1152046139902594
hgb,E001947,Kraken Candy,Kraken Candy,0.7771609319834288,0.04690554840636827,0.1759335196102028
hgb,E000345,Triton Tabs,Triton Tabs,0.005982706031286388,0.9891385728944824,0.004878721074231173
hgb,E000847,Triton Tabs,Triton Tabs,0.02876446377516485,0.6136341178750312,0.3576014183498041
hgb,E001286,Coral Dust,Triton Tabs,0.04147764111366572,0.9362364300126881,0.022285928873646325
hgb,E000771,Kraken Candy,Triton Tabs,0.41897098433354857,0.5021045450522833,0.07892447061416814
hgb,E001330,Coral Dust,Triton Tabs,0.00793346369956382,0.5007304627473703,0.49133607355306586
hgb,E001213,Kraken Candy,Coral Dust,0.4849750189366444,0.0023225255794539217,0.5127024554839016
hgb,E000780,Triton Tabs,Triton Tabs,0.16338764541100825,0.4935127820679807,0.34309957252101114
hgb,E000129,Triton Tabs,Triton Tabs,0.00037185942325444104,0.9966856879324212,0.00294245264432437
hgb,E000554,Kraken Candy,Kraken Candy,0.7322369540366865,0.12522045000477144,0.1425425959585421
hgb,E001381,Kraken Candy,Kraken Candy,0.8258745699386808,0.012038902925367292,0.1620865271359518
hgb,E000357,Kraken Candy,Kraken Candy,0.9382986283276807,0.02352913444759498,0.03817223722472433
hgb,E001568,Triton Tabs,Triton Tabs,0.30579641135171093,0.6895159490310337,0.0046876396172552725
hgb,E000720,Kraken Candy,Triton Tabs,0.0007921945972391875,0.9807791353279496,0.018428670074811276
hgb,E000700,Coral Dust,Kraken Candy,0.8077932368606633,0.18321162078273712,0.0089951423565996
hgb,E000119,Kraken Candy,Kraken Candy,0.974456916917437,0.018636897591158316,0.00690618549140457
hgb,E001684,Kraken Candy,Kraken Candy,0.9818276287511226,0.015053505736535782,0.0031188655123415487
hgb,E001094,Coral Dust,Triton Tabs,0.10097280266215566,0.8360790630120968,0.06294813432574745
